fold,analyzer,n_components,component,explained_variance_ratio,cumulative_explained_variance_ratio,vocabulary_size
1,word,10,description_svd_01,0.010566351235715515,0.010566351235715515,5000
1,word,10,description_svd_02,0.03864213636818738,0.049208487603902895,5000
1,word,10,description_svd_03,0.015483465498428299,0.0646919531023312,5000
1,word,10,description_svd_04,0.01440104777673735,0.07909300087906855,5000
1,word,10,description_svd_05,0.01206828225172736,0.09116128313079591,5000
1,word,10,description_svd_06,0.011871243883492045,0.10303252701428796,5000
1,word,10,description_svd_07,0.010283915229753842,0.1133164422440418,5000
1,word,10,description_svd_08,0.009279621593812765,0.12259606383785457,5000
1,word,10,description_svd_09,0.00879652750494814,0.1313925913428027,5000
1,word,10,description_svd_10,0.008118883938054796,0.1395114752808575,5000
1,word,20,description_svd_01,0.010566351487987605,0.010566351487987605,5000
1,word,20,description_svd_02,0.038642135423718055,0.04920848691170566,5000
1,word,20,description_svd_03,0.015483487659029047,0.06469197457073471,5000
1,word,20,description_svd_04,0.01440101977273825,0.07909299434347296,5000
1,word,20,description_svd_05,0.012068290772889874,0.09116128511636283,5000
1,word,20,description_svd_06,0.011871322336220435,0.10303260745258326,5000
1,word,20,description_svd_07,0.010284792119323241,0.11331739957190651,5000
1,word,20,description_svd_08,0.009281092652753077,0.12259849222465959,5000
1,word,20,description_svd_09,0.008802430559154863,0.13140092278381446,5000
1,word,20,description_svd_10,0.008139946898695986,0.13954086968251045,5000
1,word,20,description_svd_11,0.0076022813641749305,0.14714315104668538,5000
1,word,20,description_svd_12,0.006656944224081519,0.1538000952707669,5000
1,word,20,description_svd_13,0.006285581675641769,0.16008567694640868,5000
1,word,20,description_svd_14,0.006047568562703721,0.1661332455091124,5000
1,word,20,description_svd_15,0.005926546362479166,0.17205979187159157,5000
1,word,20,description_svd_16,0.005673429930194319,0.17773322180178588,5000
1,word,20,description_svd_17,0.005535217428898151,0.18326843923068403,5000
1,word,20,description_svd_18,0.005240713702643575,0.1885091529333276,5000
1,word,20,description_svd_19,0.005085943973207412,0.193595096906535,5000
1,word,20,description_svd_20,0.004783200086856043,0.19837829699339105,5000
1,word,30,description_svd_01,0.010566351454981844,0.010566351454981844,5000
1,word,30,description_svd_02,0.03864213549612448,0.04920848695110633,5000
1,word,30,description_svd_03,0.015483487970686688,0.06469197492179302,5000
1,word,30,description_svd_04,0.014401021409962427,0.07909299633175544,5000
1,word,30,description_svd_05,0.012068290186767243,0.09116128651852268,5000
1,word,30,description_svd_06,0.0118713334351557,0.10303261995367838,5000
1,word,30,description_svd_07,0.010284886015351343,0.11331750596902972,5000
1,word,30,description_svd_08,0.009281477529009994,0.12259898349803972,5000
1,word,30,description_svd_09,0.0088029878285963,0.131401971326636,5000
1,word,30,description_svd_10,0.00814068541837986,0.13954265674501587,5000
1,word,30,description_svd_11,0.007602475050701746,0.14714513179571762,5000
1,word,30,description_svd_12,0.0066601870624883736,0.15380531885820597,5000
1,word,30,description_svd_13,0.006291230645991315,0.1600965495041973,5000
1,word,30,description_svd_14,0.006053005717590328,0.16614955522178762,5000
1,word,30,description_svd_15,0.005935314441537492,0.17208486966332512,5000
1,word,30,description_svd_16,0.0056824289013398975,0.17776729856466503,5000
1,word,30,description_svd_17,0.005543958058362355,0.18331125662302739,5000
1,word,30,description_svd_18,0.005256058536686604,0.18856731515971398,5000
1,word,30,description_svd_19,0.0050975621711555185,0.19366487733086948,5000
1,word,30,description_svd_20,0.004801587142529833,0.19846646447339933,5000
1,word,30,description_svd_21,0.004634732701004825,0.20310119717440414,5000
1,word,30,description_svd_22,0.0044484684313839794,0.2075496656057881,5000
1,word,30,description_svd_23,0.004278835618564779,0.2118285012243529,5000
1,word,30,description_svd_24,0.004231372361435518,0.21605987358578843,5000
1,word,30,description_svd_25,0.004148913922150662,0.2202087875079391,5000
1,word,30,description_svd_26,0.004063964869462705,0.2242727523774018,5000
1,word,30,description_svd_27,0.003984578574451678,0.22825733095185347,5000
1,word,30,description_svd_28,0.0036931960418522675,0.23195052699370572,5000
1,word,30,description_svd_29,0.0036235106373507706,0.2355740376310565,5000
1,word,30,description_svd_30,0.0034977347402825,0.239071772371339,5000
1,word,50,description_svd_01,0.010566351459852392,0.010566351459852392,5000
1,word,50,description_svd_02,0.038642135439322635,0.04920848689917503,5000
1,word,50,description_svd_03,0.015483490367377287,0.06469197726655232,5000
1,word,50,description_svd_04,0.014401023370988347,0.07909300063754067,5000
1,word,50,description_svd_05,0.012068297175252329,0.091161297812793,5000
1,word,50,description_svd_06,0.011871336236539696,0.1030326340493327,5000
1,word,50,description_svd_07,0.01028489118445242,0.11331752523378512,5000
1,word,50,description_svd_08,0.00928151322359748,0.1225990384573826,5000
1,word,50,description_svd_09,0.008803028593812576,0.13140206705119517,5000
1,word,50,description_svd_10,0.008140807497812656,0.13954287454900782,5000
1,word,50,description_svd_11,0.007602679013347802,0.14714555356235562,5000
1,word,50,description_svd_12,0.006660650552425335,0.15380620411478096,5000
1,word,50,description_svd_13,0.006291878404120049,0.160098082518901,5000
1,word,50,description_svd_14,0.006054517401102266,0.16615259992000328,5000
1,word,50,description_svd_15,0.005936647027955822,0.1720892469479591,5000
1,word,50,description_svd_16,0.005688567998067246,0.17777781494602635,5000
1,word,50,description_svd_17,0.005548170661271405,0.18332598560729776,5000
1,word,50,description_svd_18,0.005260155698497744,0.1885861413057955,5000
1,word,50,description_svd_19,0.005104408268913341,0.19369054957470885,5000
1,word,50,description_svd_20,0.004813814560635628,0.19850436413534447,5000
1,word,50,description_svd_21,0.004660141497312967,0.20316450563265745,5000
1,word,50,description_svd_22,0.004518305281368195,0.20768281091402566,5000
1,word,50,description_svd_23,0.004323316957459319,0.21200612787148498,5000
1,word,50,description_svd_24,0.004250266293038139,0.21625639416452314,5000
1,word,50,description_svd_25,0.004200067335678214,0.22045646150020135,5000
1,word,50,description_svd_26,0.0041162406265893665,0.2245727021267907,5000
1,word,50,description_svd_27,0.004044786921948764,0.22861748904873946,5000
1,word,50,description_svd_28,0.003844437763560193,0.23246192681229966,5000
1,word,50,description_svd_29,0.00367232684527862,0.23613425365757829,5000
1,word,50,description_svd_30,0.0036412435588817813,0.23977549721646008,5000
1,word,50,description_svd_31,0.0035922225799971223,0.2433677197964572,5000
1,word,50,description_svd_32,0.003527730938843531,0.24689545073530073,5000
1,word,50,description_svd_33,0.003500899846019094,0.2503963505813198,5000
1,word,50,description_svd_34,0.003417048768701295,0.2538133993500211,5000
1,word,50,description_svd_35,0.0033369835752536264,0.25715038292527476,5000
1,word,50,description_svd_36,0.003273904529596448,0.26042428745487123,5000
1,word,50,description_svd_37,0.0031969018405600537,0.26362118929543127,5000
1,word,50,description_svd_38,0.0031631085172402987,0.26678429781267154,5000
1,word,50,description_svd_39,0.0031088409617967346,0.2698931387744683,5000
1,word,50,description_svd_40,0.0030014811936996343,0.27289461996816794,5000
1,word,50,description_svd_41,0.002934394958249156,0.2758290149264171,5000
1,word,50,description_svd_42,0.002885670044068709,0.2787146849704858,5000
1,word,50,description_svd_43,0.002820753077485623,0.28153543804797143,5000
1,word,50,description_svd_44,0.002767726691667423,0.28430316473963885,5000
1,word,50,description_svd_45,0.002722345112455493,0.28702550985209435,5000
1,word,50,description_svd_46,0.002682172675926163,0.28970768252802054,5000
1,word,50,description_svd_47,0.002651550681524942,0.2923592332095455,5000
1,word,50,description_svd_48,0.0025792347249369114,0.2949384679344824,5000
1,word,50,description_svd_49,0.002535209406389233,0.29747367734087166,5000
1,word,50,description_svd_50,0.0025343696495415766,0.3000080469904132,5000
2,word,10,description_svd_01,0.00949827159925927,0.00949827159925927,5000
2,word,10,description_svd_02,0.03846422155766935,0.04796249315692862,5000
2,word,10,description_svd_03,0.014990242679041562,0.06295273583597018,5000
2,word,10,description_svd_04,0.01461430717379706,0.07756704300976724,5000
2,word,10,description_svd_05,0.012074263069998044,0.08964130607976528,5000
2,word,10,description_svd_06,0.011268810727378347,0.10091011680714362,5000
2,word,10,description_svd_07,0.010857936495320799,0.11176805330246442,5000
2,word,10,description_svd_08,0.009457276217781058,0.12122532952024548,5000
2,word,10,description_svd_09,0.00881215218770608,0.13003748170795157,5000
2,word,10,description_svd_10,0.007998866431543265,0.13803634813949484,5000
2,word,20,description_svd_01,0.009498272112806344,0.009498272112806344,5000
2,word,20,description_svd_02,0.038464222737975354,0.047962494850781696,5000
2,word,20,description_svd_03,0.014990154922814285,0.06295264977359598,5000
2,word,20,description_svd_04,0.014614450930721496,0.07756710070431748,5000
2,word,20,description_svd_05,0.012074196303655856,0.08964129700797334,5000
2,word,20,description_svd_06,0.011270153482450057,0.1009114504904234,5000
2,word,20,description_svd_07,0.010858644018948016,0.1117700945093714,5000
2,word,20,description_svd_08,0.009461956068081534,0.12123205057745294,5000
2,word,20,description_svd_09,0.008819989120514658,0.1300520396979676,5000
2,word,20,description_svd_10,0.008002231832771586,0.13805427153073918,5000
2,word,20,description_svd_11,0.007745384758369344,0.14579965628910851,5000
2,word,20,description_svd_12,0.006476634418516216,0.15227629070762472,5000
2,word,20,description_svd_13,0.006262410196110433,0.15853870090373515,5000
2,word,20,description_svd_14,0.006078141637556304,0.16461684254129144,5000
2,word,20,description_svd_15,0.005946829970723105,0.17056367251201454,5000
2,word,20,description_svd_16,0.005668665467308737,0.17623233797932328,5000
2,word,20,description_svd_17,0.00540748866315735,0.18163982664248063,5000
2,word,20,description_svd_18,0.005194430346503734,0.18683425698898437,5000
2,word,20,description_svd_19,0.005050648323073029,0.1918849053120574,5000
2,word,20,description_svd_20,0.0047363124531659626,0.19662121776522337,5000
2,word,30,description_svd_01,0.00949827206984262,0.00949827206984262,5000
2,word,30,description_svd_02,0.038464222753597545,0.047962494823440165,5000
2,word,30,description_svd_03,0.014990161020632968,0.06295265584407313,5000
2,word,30,description_svd_04,0.014614457309764699,0.07756711315383782,5000
2,word,30,description_svd_05,0.01207419556683298,0.0896413087206708,5000
2,word,30,description_svd_06,0.011270167179044402,0.1009114758997152,5000
2,word,30,description_svd_07,0.01085868983166596,0.11177016573138117,5000
2,word,30,description_svd_08,0.009461959352042956,0.12123212508342412,5000
2,word,30,description_svd_09,0.008820132773128559,0.1300522578565527,5000
2,word,30,description_svd_10,0.008002445127335724,0.13805470298388842,5000
2,word,30,description_svd_11,0.007745208004797383,0.1457999109886858,5000
2,word,30,description_svd_12,0.006485114405616487,0.1522850253943023,5000
2,word,30,description_svd_13,0.006275813560337003,0.1585608389546393,5000
2,word,30,description_svd_14,0.006094518282573509,0.1646553572372128,5000
2,word,30,description_svd_15,0.005947139751000524,0.17060249698821334,5000
2,word,30,description_svd_16,0.005686949084056928,0.17628944607227026,5000
2,word,30,description_svd_17,0.005431110070914419,0.1817205561431847,5000
2,word,30,description_svd_18,0.005218809254679824,0.18693936539786452,5000
2,word,30,description_svd_19,0.0051019030531579135,0.19204126845102243,5000
2,word,30,description_svd_20,0.004746940519756294,0.19678820897077873,5000
2,word,30,description_svd_21,0.004703363499791699,0.20149157247057042,5000
2,word,30,description_svd_22,0.00454825203848071,0.20603982450905114,5000
2,word,30,description_svd_23,0.004439227787432187,0.21047905229648334,5000
2,word,30,description_svd_24,0.004329427935246301,0.21480848023172963,5000
2,word,30,description_svd_25,0.004204215733835606,0.21901269596556525,5000
2,word,30,description_svd_26,0.00413596363822604,0.2231486596037913,5000
2,word,30,description_svd_27,0.004079434769338018,0.22722809437312932,5000
2,word,30,description_svd_28,0.0038946637222322983,0.23112275809536162,5000
2,word,30,description_svd_29,0.0038222949039690823,0.2349450529993307,5000
2,word,30,description_svd_30,0.003659003445741933,0.23860405644507263,5000
2,word,50,description_svd_01,0.009498272073794355,0.009498272073794355,5000
2,word,50,description_svd_02,0.03846422274674743,0.04796249482054178,5000
2,word,50,description_svd_03,0.014990160581662918,0.0629526554022047,5000
2,word,50,description_svd_04,0.014614454383410927,0.07756710978561562,5000
2,word,50,description_svd_05,0.012074196663319896,0.08964130644893552,5000
2,word,50,description_svd_06,0.011270178437201305,0.10091148488613683,5000
2,word,50,description_svd_07,0.01085870260877014,0.11177018749490697,5000
2,word,50,description_svd_08,0.009461982562602613,0.12123217005750958,5000
2,word,50,description_svd_09,0.008820229454118395,0.13005239951162798,5000
2,word,50,description_svd_10,0.008002641582619196,0.13805504109424718,5000
2,word,50,description_svd_11,0.007746067901648463,0.14580110899589566,5000
2,word,50,description_svd_12,0.006486112090305296,0.15228722108620096,5000
2,word,50,description_svd_13,0.006277839634779757,0.15856506072098073,5000
2,word,50,description_svd_14,0.006095318026109822,0.16466037874709055,5000
2,word,50,description_svd_15,0.005949301649161147,0.1706096803962517,5000
2,word,50,description_svd_16,0.00569019733575412,0.17629987773200584,5000
2,word,50,description_svd_17,0.005437091467629823,0.18173696919963567,5000
2,word,50,description_svd_18,0.0052234558401871006,0.18696042503982277,5000
2,word,50,description_svd_19,0.005111926750160475,0.19207235178998325,5000
2,word,50,description_svd_20,0.004757251904249312,0.19682960369423255,5000
2,word,50,description_svd_21,0.0047140958869394635,0.20154369958117202,5000
2,word,50,description_svd_22,0.004552643284121258,0.20609634286529327,5000
2,word,50,description_svd_23,0.0044540216681322456,0.21055036453342552,5000
2,word,50,description_svd_24,0.004381962882851064,0.21493232741627658,5000
2,word,50,description_svd_25,0.004236440942137732,0.2191687683584143,5000
2,word,50,description_svd_26,0.004159576723275556,0.22332834508168986,5000
2,word,50,description_svd_27,0.004104751316967296,0.22743309639865716,5000
2,word,50,description_svd_28,0.003943780061178124,0.2313768764598353,5000
2,word,50,description_svd_29,0.0038715946875472677,0.23524847114738257,5000
2,word,50,description_svd_30,0.0037374097819146677,0.23898588092929723,5000
2,word,50,description_svd_31,0.0037059963887506337,0.24269187731804787,5000
2,word,50,description_svd_32,0.003521682951164881,0.24621356026921276,5000
2,word,50,description_svd_33,0.0034734878359647605,0.24968704810517753,5000
2,word,50,description_svd_34,0.0034539665382815484,0.25314101464345906,5000
2,word,50,description_svd_35,0.003423538749474029,0.2565645533929331,5000
2,word,50,description_svd_36,0.003360637782403329,0.2599251911753364,5000
2,word,50,description_svd_37,0.0032313260803633567,0.2631565172556998,5000
2,word,50,description_svd_38,0.0031531286604478716,0.26630964591614764,5000
2,word,50,description_svd_39,0.0030983927705044165,0.2694080386866521,5000
2,word,50,description_svd_40,0.003045412724946907,0.272453451411599,5000
2,word,50,description_svd_41,0.0029515145352208044,0.2754049659468198,5000
2,word,50,description_svd_42,0.002922556979034335,0.2783275229258541,5000
2,word,50,description_svd_43,0.0028769768607585272,0.28120449978661266,5000
2,word,50,description_svd_44,0.002841556190452179,0.28404605597706484,5000
2,word,50,description_svd_45,0.0027707520835985656,0.2868168080606634,5000
2,word,50,description_svd_46,0.002717216111390935,0.2895340241720543,5000
2,word,50,description_svd_47,0.002647601258605028,0.29218162543065934,5000
2,word,50,description_svd_48,0.0026130873510427856,0.2947947127817021,5000
2,word,50,description_svd_49,0.002596953216483488,0.2973916659981856,5000
2,word,50,description_svd_50,0.0025648762205724607,0.29995654221875806,5000
3,word,10,description_svd_01,0.010689955865615261,0.010689955865615261,5000
3,word,10,description_svd_02,0.03871486114954451,0.04940481701515977,5000
3,word,10,description_svd_03,0.015779981348309456,0.06518479836346923,5000
3,word,10,description_svd_04,0.01471635809099426,0.0799011564544635,5000
3,word,10,description_svd_05,0.012770416567436603,0.0926715730219001,5000
3,word,10,description_svd_06,0.011870637336064931,0.10454221035796503,5000
3,word,10,description_svd_07,0.010526616882175648,0.11506882724014067,5000
3,word,10,description_svd_08,0.009128577866603909,0.12419740510674458,5000
3,word,10,description_svd_09,0.00861259901062162,0.1328100041173662,5000
3,word,10,description_svd_10,0.008104812475155408,0.1409148165925216,5000
3,word,20,description_svd_01,0.010689956090977296,0.010689956090977296,5000
3,word,20,description_svd_02,0.03871486073421015,0.04940481682518744,5000
3,word,20,description_svd_03,0.01578001608528088,0.06518483291046832,5000
3,word,20,description_svd_04,0.014716393518673439,0.07990122642914177,5000
3,word,20,description_svd_05,0.012770565063556876,0.09267179149269865,5000
3,word,20,description_svd_06,0.011871068468848417,0.10454285996154707,5000
3,word,20,description_svd_07,0.010526967108279404,0.11506982706982646,5000
3,word,20,description_svd_08,0.009130688330904696,0.12420051540073115,5000
3,word,20,description_svd_09,0.008623324262036092,0.13282383966276726,5000
3,word,20,description_svd_10,0.00811068773966942,0.14093452740243667,5000
3,word,20,description_svd_11,0.0072305201098318015,0.14816504751226847,5000
3,word,20,description_svd_12,0.0069339803011944775,0.15509902781346294,5000
3,word,20,description_svd_13,0.006532568548509951,0.16163159636197288,5000
3,word,20,description_svd_14,0.006349585944424531,0.16798118230639741,5000
3,word,20,description_svd_15,0.0061564237275996275,0.17413760603399703,5000
3,word,20,description_svd_16,0.005519048197853807,0.17965665423185084,5000
3,word,20,description_svd_17,0.0053659261317358445,0.18502258036358668,5000
3,word,20,description_svd_18,0.005133821678388661,0.19015640204197534,5000
3,word,20,description_svd_19,0.005013756807017465,0.1951701588489928,5000
3,word,20,description_svd_20,0.004742204704949187,0.19991236355394199,5000
3,word,30,description_svd_01,0.010689956208576538,0.010689956208576538,5000
3,word,30,description_svd_02,0.03871486043702339,0.04940481664559993,5000
3,word,30,description_svd_03,0.015779997700850285,0.06518481434645021,5000
3,word,30,description_svd_04,0.01471639164169069,0.0799012059881409,5000
3,word,30,description_svd_05,0.01277057390304354,0.09267177989118444,5000
3,word,30,description_svd_06,0.011871085125014398,0.10454286501619883,5000
3,word,30,description_svd_07,0.01052704458241558,0.1150699095986144,5000
3,word,30,description_svd_08,0.009130839991446827,0.12420074959006124,5000
3,word,30,description_svd_09,0.008624084570840844,0.13282483416090207,5000
3,word,30,description_svd_10,0.008111377865034604,0.14093621202593667,5000
3,word,30,description_svd_11,0.0072317858359710685,0.14816799786190774,5000
3,word,30,description_svd_12,0.006935873632585609,0.15510387149449334,5000
3,word,30,description_svd_13,0.006536820688804492,0.16164069218329782,5000
3,word,30,description_svd_14,0.006358131977111463,0.1679988241604093,5000
3,word,30,description_svd_15,0.006158771499448791,0.17415759565985808,5000
3,word,30,description_svd_16,0.005533764596844662,0.17969136025670274,5000
3,word,30,description_svd_17,0.00542072670343835,0.1851120869601411,5000
3,word,30,description_svd_18,0.005166674821242492,0.1902787617813836,5000
3,word,30,description_svd_19,0.005057203333394269,0.19533596511477785,5000
3,word,30,description_svd_20,0.004752262992466553,0.20008822810724441,5000
3,word,30,description_svd_21,0.004689407350740757,0.20477763545798516,5000
3,word,30,description_svd_22,0.0045331107784460515,0.20931074623643123,5000
3,word,30,description_svd_23,0.004414837960998072,0.2137255841974293,5000
3,word,30,description_svd_24,0.004257981037595228,0.21798356523502452,5000
3,word,30,description_svd_25,0.003982745758373302,0.2219663109933978,5000
3,word,30,description_svd_26,0.003945637717598843,0.22591194871099665,5000
3,word,30,description_svd_27,0.003900779132577299,0.22981272784357396,5000
3,word,30,description_svd_28,0.0038214802567325353,0.2336342081003065,5000
3,word,30,description_svd_29,0.003752742531738984,0.23738695063204548,5000
3,word,30,description_svd_30,0.003644558746203138,0.24103150937824863,5000
3,word,50,description_svd_01,0.010689956220473359,0.010689956220473359,5000
3,word,50,description_svd_02,0.038714860358708976,0.04940481657918233,5000
3,word,50,description_svd_03,0.01578000392690494,0.06518482050608727,5000
3,word,50,description_svd_04,0.014716396531667812,0.07990121703775509,5000
3,word,50,description_svd_05,0.012770578834542334,0.09267179587229742,5000
3,word,50,description_svd_06,0.011871081521710075,0.10454287739400749,5000
3,word,50,description_svd_07,0.010527047084924643,0.11506992447893213,5000
3,word,50,description_svd_08,0.009130892136657878,0.12420081661559002,5000
3,word,50,description_svd_09,0.008624233163902822,0.13282504977949283,5000
3,word,50,description_svd_10,0.008111461856500371,0.1409365116359932,5000
3,word,50,description_svd_11,0.007232007829872613,0.1481685194658658,5000
3,word,50,description_svd_12,0.006936200392494174,0.15510471985835997,5000
3,word,50,description_svd_13,0.006538005169583148,0.1616427250279431,5000
3,word,50,description_svd_14,0.006360892733493956,0.16800361776143707,5000
3,word,50,description_svd_15,0.006160949116971068,0.17416456687840814,5000
3,word,50,description_svd_16,0.005537913987913243,0.1797024808663214,5000
3,word,50,description_svd_17,0.005426121853655606,0.185128602719977,5000
3,word,50,description_svd_18,0.005172277792902612,0.1903008805128796,5000
3,word,50,description_svd_19,0.005092420211868167,0.19539330072474778,5000
3,word,50,description_svd_20,0.004795697843876392,0.20018899856862418,5000
3,word,50,description_svd_21,0.004701740500642017,0.2048907390692662,5000
3,word,50,description_svd_22,0.004547239062348369,0.20943797813161455,5000
3,word,50,description_svd_23,0.0044316013265063145,0.21386957945812085,5000
3,word,50,description_svd_24,0.0042946169804763965,0.21816419643859725,5000
3,word,50,description_svd_25,0.00411328351174028,0.22227747995033753,5000
3,word,50,description_svd_26,0.003999358242490504,0.22627683819282804,5000
3,word,50,description_svd_27,0.003964208251984145,0.2302410464448122,5000
3,word,50,description_svd_28,0.0038627488896985293,0.23410379533451073,5000
3,word,50,description_svd_29,0.0038017404206104927,0.23790553575512122,5000
3,word,50,description_svd_30,0.003714678335629507,0.2416202140907507,5000
3,word,50,description_svd_31,0.003594289434504751,0.24521450352525545,5000
3,word,50,description_svd_32,0.003550787622225832,0.24876529114748128,5000
3,word,50,description_svd_33,0.0034653824848312692,0.25223067363231255,5000
3,word,50,description_svd_34,0.0033871133719223455,0.2556177870042349,5000
3,word,50,description_svd_35,0.0033355714002897313,0.2589533584045246,5000
3,word,50,description_svd_36,0.0033019184039087238,0.2622552768084333,5000
3,word,50,description_svd_37,0.003253049206569749,0.26550832601500307,5000
3,word,50,description_svd_38,0.0031697537198847416,0.26867807973488783,5000
3,word,50,description_svd_39,0.003101748377125108,0.27177982811201296,5000
3,word,50,description_svd_40,0.0030574127843900085,0.274837240896403,5000
3,word,50,description_svd_41,0.0029880212222944467,0.27782526211869746,5000
3,word,50,description_svd_42,0.002918957952752916,0.2807442200714504,5000
3,word,50,description_svd_43,0.0028803023390627813,0.28362452241051317,5000
3,word,50,description_svd_44,0.002833959842886538,0.2864584822533997,5000
3,word,50,description_svd_45,0.002794057032766638,0.28925253928616634,5000
3,word,50,description_svd_46,0.0027481450547577964,0.29200068434092413,5000
3,word,50,description_svd_47,0.0027060884529890965,0.2947067727939132,5000
3,word,50,description_svd_48,0.0026105178118149904,0.2973172906057282,5000
3,word,50,description_svd_49,0.002578425477089462,0.2998957160828177,5000
3,word,50,description_svd_50,0.0025430964066759407,0.3024388124894936,5000
4,word,10,description_svd_01,0.00845112429676021,0.00845112429676021,5000
4,word,10,description_svd_02,0.03878130705573403,0.04723243135249424,5000
4,word,10,description_svd_03,0.016733405466132223,0.06396583681862647,5000
4,word,10,description_svd_04,0.014809786990040505,0.07877562380866697,5000
4,word,10,description_svd_05,0.012197476369084158,0.09097310017775112,5000
4,word,10,description_svd_06,0.011884212864401389,0.10285731304215251,5000
4,word,10,description_svd_07,0.010355505160165831,0.11321281820231834,5000
4,word,10,description_svd_08,0.009405593052188991,0.12261841125450733,5000
4,word,10,description_svd_09,0.008937335572547955,0.1315557468270553,5000
4,word,10,description_svd_10,0.008001948732601197,0.13955769555965647,5000
4,word,20,description_svd_01,0.008451123885240452,0.008451123885240452,5000
4,word,20,description_svd_02,0.03878130822591314,0.04723243211115359,5000
4,word,20,description_svd_03,0.016733403397344974,0.06396583550849856,5000
4,word,20,description_svd_04,0.014809969855593023,0.07877580536409158,5000
4,word,20,description_svd_05,0.012198394156476647,0.09097419952056823,5000
4,word,20,description_svd_06,0.011884498015674516,0.10285869753624274,5000
4,word,20,description_svd_07,0.010359900230906053,0.1132185977671488,5000
4,word,20,description_svd_08,0.009408038784489647,0.12262663655163844,5000
4,word,20,description_svd_09,0.008943730761355378,0.13157036731299382,5000
4,word,20,description_svd_10,0.008018537242546185,0.13958890455554002,5000
4,word,20,description_svd_11,0.007686456023912218,0.14727536057945223,5000
4,word,20,description_svd_12,0.006767437743426997,0.15404279832287923,5000
4,word,20,description_svd_13,0.006449292347081543,0.16049209066996079,5000
4,word,20,description_svd_14,0.006251597548303917,0.1667436882182647,5000
4,word,20,description_svd_15,0.006087755562252413,0.17283144378051712,5000
4,word,20,description_svd_16,0.00555139397335257,0.1783828377538697,5000
4,word,20,description_svd_17,0.005423735008337679,0.18380657276220738,5000
4,word,20,description_svd_18,0.0051044568578580115,0.1889110296200654,5000
4,word,20,description_svd_19,0.004818624495512854,0.19372965411557824,5000
4,word,20,description_svd_20,0.00476187231022518,0.19849152642580342,5000
4,word,30,description_svd_01,0.008451123838500772,0.008451123838500772,5000
4,word,30,description_svd_02,0.03878130823865415,0.047232432077154926,5000
4,word,30,description_svd_03,0.016733401783760447,0.06396583386091537,5000
4,word,30,description_svd_04,0.014809999705000316,0.07877583356591568,5000
4,word,30,description_svd_05,0.0121984001297053,0.09097423369562098,5000
4,word,30,description_svd_06,0.011884558597407465,0.10285879229302844,5000
4,word,30,description_svd_07,0.0103599311646832,0.11321872345771164,5000
4,word,30,description_svd_08,0.009408165921161749,0.1226268893788734,5000
4,word,30,description_svd_09,0.008943833933352213,0.1315707233122256,5000
4,word,30,description_svd_10,0.008020040041423648,0.13959076335364926,5000
4,word,30,description_svd_11,0.007686928246354828,0.1472776916000041,5000
4,word,30,description_svd_12,0.006770087959925432,0.15404777955992952,5000
4,word,30,description_svd_13,0.0064549706115795595,0.16050275017150908,5000
4,word,30,description_svd_14,0.006259820456450373,0.16676257062795946,5000
4,word,30,description_svd_15,0.006105106887650573,0.17286767751561002,5000
4,word,30,description_svd_16,0.005555631048478803,0.17842330856408883,5000
4,word,30,description_svd_17,0.005434311829982662,0.1838576203940715,5000
4,word,30,description_svd_18,0.005148792634947464,0.18900641302901897,5000
4,word,30,description_svd_19,0.004867123935586479,0.19387353696460544,5000
4,word,30,description_svd_20,0.004813486343043841,0.19868702330764929,5000
4,word,30,description_svd_21,0.0047023492403760825,0.20338937254802536,5000
4,word,30,description_svd_22,0.004477417294038123,0.20786678984206347,5000
4,word,30,description_svd_23,0.004418783012762588,0.21228557285482605,5000
4,word,30,description_svd_24,0.004304429912049938,0.21659000276687598,5000
4,word,30,description_svd_25,0.0041881328058531305,0.2207781355727291,5000
4,word,30,description_svd_26,0.004098342809375646,0.22487647838210476,5000
4,word,30,description_svd_27,0.0039523091170356964,0.22882878749914046,5000
4,word,30,description_svd_28,0.003884557689167023,0.23271334518830747,5000
4,word,30,description_svd_29,0.0037547046684635716,0.23646804985677103,5000
4,word,30,description_svd_30,0.0036141806674525384,0.24008223052422356,5000
4,word,50,description_svd_01,0.008451123840928242,0.008451123840928242,5000
4,word,50,description_svd_02,0.03878130817154682,0.04723243201247506,5000
4,word,50,description_svd_03,0.01673340130073437,0.06396583331320943,5000
4,word,50,description_svd_04,0.014809996124645418,0.07877582943785486,5000
4,word,50,description_svd_05,0.012198405595841894,0.09097423503369675,5000
4,word,50,description_svd_06,0.011884564045368117,0.10285879907906487,5000
4,word,50,description_svd_07,0.010359951405255212,0.11321875048432008,5000
4,word,50,description_svd_08,0.009408202104148293,0.12262695258846837,5000
4,word,50,description_svd_09,0.008943929804249925,0.1315708823927183,5000
4,word,50,description_svd_10,0.008020287738665118,0.13959117013138342,5000
4,word,50,description_svd_11,0.007687430672147773,0.1472786008035312,5000
4,word,50,description_svd_12,0.006770949339576316,0.1540495501431075,5000
4,word,50,description_svd_13,0.006456546564940466,0.16050609670804797,5000
4,word,50,description_svd_14,0.006262099669203411,0.16676819637725138,5000
4,word,50,description_svd_15,0.006105751855657056,0.17287394823290844,5000
4,word,50,description_svd_16,0.0055623119691967015,0.17843626020210515,5000
4,word,50,description_svd_17,0.005436241681225396,0.18387250188333054,5000
4,word,50,description_svd_18,0.005157365442522117,0.18902986732585267,5000
4,word,50,description_svd_19,0.004897109486409216,0.1939269768122619,5000
4,word,50,description_svd_20,0.004825632700146094,0.198752609512408,5000
4,word,50,description_svd_21,0.004709775636205826,0.20346238514861384,5000
4,word,50,description_svd_22,0.0045040975790732905,0.20796648272768714,5000
4,word,50,description_svd_23,0.004432297383134565,0.2123987801108217,5000
4,word,50,description_svd_24,0.004346775469951247,0.21674555558077294,5000
4,word,50,description_svd_25,0.0042891060375331875,0.22103466161830612,5000
4,word,50,description_svd_26,0.00412585108492671,0.22516051270323284,5000
4,word,50,description_svd_27,0.004043772269755845,0.2292042849729887,5000
4,word,50,description_svd_28,0.00391226835322383,0.23311655332621253,5000
4,word,50,description_svd_29,0.0038512517485789883,0.2369678050747915,5000
4,word,50,description_svd_30,0.0037049159679815864,0.2406727210427731,5000
4,word,50,description_svd_31,0.003656743459890458,0.24432946450266355,5000
4,word,50,description_svd_32,0.0034626024662808962,0.24779206696894443,5000
4,word,50,description_svd_33,0.003459690927828194,0.2512517578967726,5000
4,word,50,description_svd_34,0.003377313080221592,0.2546290709769942,5000
4,word,50,description_svd_35,0.0033535846303981197,0.25798265560739236,5000
4,word,50,description_svd_36,0.0032777175264918834,0.2612603731338842,5000
4,word,50,description_svd_37,0.003237562949362854,0.26449793608324706,5000
4,word,50,description_svd_38,0.0031812917529496425,0.2676792278361967,5000
4,word,50,description_svd_39,0.0031367860524930415,0.27081601388868975,5000
4,word,50,description_svd_40,0.0030699977827776527,0.2738860116714674,5000
4,word,50,description_svd_41,0.0029925800567096117,0.276878591728177,5000
4,word,50,description_svd_42,0.0029785398310406023,0.27985713155921765,5000
4,word,50,description_svd_43,0.0028923457780529083,0.28274947733727057,5000
4,word,50,description_svd_44,0.0028427021328145466,0.28559217947008514,5000
4,word,50,description_svd_45,0.0027957941447139837,0.2883879736147991,5000
4,word,50,description_svd_46,0.0027742284752509264,0.29116220209005006,5000
4,word,50,description_svd_47,0.0027444472376465714,0.2939066493276966,5000
4,word,50,description_svd_48,0.0027087531566143234,0.29661540248431095,5000
4,word,50,description_svd_49,0.00264384764601205,0.299259250130323,5000
4,word,50,description_svd_50,0.0025933724646018132,0.30185262259492485,5000
5,word,10,description_svd_01,0.008374616516507496,0.008374616516507496,5000
5,word,10,description_svd_02,0.03849846460220386,0.04687308111871136,5000
5,word,10,description_svd_03,0.01586736832967859,0.06274044944838994,5000
5,word,10,description_svd_04,0.01508677733859449,0.07782722678698444,5000
5,word,10,description_svd_05,0.012472065677363791,0.09029929246434823,5000
5,word,10,description_svd_06,0.011996597540201348,0.10229589000454958,5000
5,word,10,description_svd_07,0.010721121657951986,0.11301701166250157,5000
5,word,10,description_svd_08,0.009132794681227274,0.12214980634372884,5000
5,word,10,description_svd_09,0.00843632906268722,0.13058613540641606,5000
5,word,10,description_svd_10,0.007834295697963487,0.13842043110437954,5000
5,word,20,description_svd_01,0.008374616528677093,0.008374616528677093,5000
5,word,20,description_svd_02,0.03849846469801451,0.04687308122669161,5000
5,word,20,description_svd_03,0.015867392947029782,0.06274047417372139,5000
5,word,20,description_svd_04,0.01508680110022597,0.07782727527394737,5000
5,word,20,description_svd_05,0.012472282900630675,0.09029955817457805,5000
5,word,20,description_svd_06,0.011996744587917083,0.10229630276249513,5000
5,word,20,description_svd_07,0.010722610409319445,0.11301891317181458,5000
5,word,20,description_svd_08,0.009138773599474122,0.1221576867712887,5000
5,word,20,description_svd_09,0.008447413234358723,0.13060510000564743,5000
5,word,20,description_svd_10,0.007837003245905725,0.13844210325155315,5000
5,word,20,description_svd_11,0.00751099111716123,0.14595309436871437,5000
5,word,20,description_svd_12,0.006899504338821267,0.15285259870753565,5000
5,word,20,description_svd_13,0.006368147905417699,0.15922074661295335,5000
5,word,20,description_svd_14,0.006194082274581164,0.1654148288875345,5000
5,word,20,description_svd_15,0.0059738945675980966,0.1713887234551326,5000
5,word,20,description_svd_16,0.005436012236739178,0.17682473569187176,5000
5,word,20,description_svd_17,0.005358009076008913,0.18218274476788068,5000
5,word,20,description_svd_18,0.005086385209050368,0.18726912997693104,5000
5,word,20,description_svd_19,0.004930176396489348,0.1921993063734204,5000
5,word,20,description_svd_20,0.004647231854921327,0.19684653822834172,5000
5,word,30,description_svd_01,0.008374616548382802,0.008374616548382802,5000
5,word,30,description_svd_02,0.03849846470597163,0.04687308125435444,5000
5,word,30,description_svd_03,0.015867412083193578,0.06274049333754801,5000
5,word,30,description_svd_04,0.015086807126100605,0.07782730046364862,5000
5,word,30,description_svd_05,0.012472300292949176,0.09029960075659779,5000
5,word,30,description_svd_06,0.011996737402183627,0.10229633815878142,5000
5,word,30,description_svd_07,0.01072267098262362,0.11301900914140504,5000
5,word,30,description_svd_08,0.00913888500805019,0.12215789414945523,5000
5,word,30,description_svd_09,0.008448538937633174,0.1306064330870884,5000
5,word,30,description_svd_10,0.007837202659708123,0.13844363574679652,5000
5,word,30,description_svd_11,0.007515953505140777,0.1459595892519373,5000
5,word,30,description_svd_12,0.006898351320052743,0.15285794057199004,5000
5,word,30,description_svd_13,0.006370774512533873,0.1592287150845239,5000
5,word,30,description_svd_14,0.006203147805156049,0.16543186288967995,5000
5,word,30,description_svd_15,0.0059687868020074164,0.17140064969168736,5000
5,word,30,description_svd_16,0.005459525375441528,0.1768601750671289,5000
5,word,30,description_svd_17,0.005386593509939433,0.18224676857706834,5000
5,word,30,description_svd_18,0.005153185799779777,0.18739995437684812,5000
5,word,30,description_svd_19,0.005030747839692463,0.19243070221654057,5000
5,word,30,description_svd_20,0.004715314948756071,0.19714601716529664,5000
5,word,30,description_svd_21,0.004622556166823331,0.20176857333211998,5000
5,word,30,description_svd_22,0.0046097514673224,0.20637832479944238,5000
5,word,30,description_svd_23,0.004369775045181102,0.21074809984462348,5000
5,word,30,description_svd_24,0.004357819500629677,0.21510591934525317,5000
5,word,30,description_svd_25,0.004204357694393664,0.21931027703964684,5000
5,word,30,description_svd_26,0.0041130724021575795,0.22342334944180442,5000
5,word,30,description_svd_27,0.003965783173966243,0.22738913261577065,5000
5,word,30,description_svd_28,0.003800969076890774,0.23119010169266144,5000
5,word,30,description_svd_29,0.003609215947689177,0.2347993176403506,5000
5,word,30,description_svd_30,0.0035871684003615737,0.2383864860407122,5000
5,word,50,description_svd_01,0.008374616539003538,0.008374616539003538,5000
5,word,50,description_svd_02,0.038498464655577845,0.04687308119458138,5000
5,word,50,description_svd_03,0.015867410677530534,0.06274049187211192,5000
5,word,50,description_svd_04,0.015086803352493537,0.07782729522460546,5000
5,word,50,description_svd_05,0.01247230883018453,0.09029960405479,5000
5,word,50,description_svd_06,0.011996742727185846,0.10229634678197584,5000
5,word,50,description_svd_07,0.01072268160916112,0.11301902839113696,5000
5,word,50,description_svd_08,0.009138934287729947,0.12215796267886692,5000
5,word,50,description_svd_09,0.008448627933396244,0.13060659061226315,5000
5,word,50,description_svd_10,0.007837483547733936,0.1384440741599971,5000
5,word,50,description_svd_11,0.007516198925886221,0.14596027308588333,5000
5,word,50,description_svd_12,0.006901915475429765,0.1528621885613131,5000
5,word,50,description_svd_13,0.006373370174399394,0.1592355587357125,5000
5,word,50,description_svd_14,0.006203885650959418,0.1654394443866719,5000
5,word,50,description_svd_15,0.005980631176850695,0.1714200755635226,5000
5,word,50,description_svd_16,0.005465546485976903,0.1768856220494995,5000
5,word,50,description_svd_17,0.005399343657607538,0.18228496570710703,5000
5,word,50,description_svd_18,0.00515897573918197,0.187443941446289,5000
5,word,50,description_svd_19,0.005048189990806405,0.19249213143709543,5000
5,word,50,description_svd_20,0.004726923331537269,0.1972190547686327,5000
5,word,50,description_svd_21,0.0046713088365358734,0.20189036360516857,5000
5,word,50,description_svd_22,0.004633609528986938,0.20652397313415552,5000
5,word,50,description_svd_23,0.004397571540548051,0.21092154467470356,5000
5,word,50,description_svd_24,0.00438585767823785,0.2153074023529414,5000
5,word,50,description_svd_25,0.004227640968230053,0.21953504332117146,5000
5,word,50,description_svd_26,0.004174541488597436,0.2237095848097689,5000
5,word,50,description_svd_27,0.004070362430935713,0.22777994724070463,5000
5,word,50,description_svd_28,0.0038714114189870143,0.23165135865969164,5000
5,word,50,description_svd_29,0.003860999275934278,0.23551235793562592,5000
5,word,50,description_svd_30,0.0037941193417529327,0.23930647727737886,5000
5,word,50,description_svd_31,0.0037420936513088755,0.24304857092868773,5000
5,word,50,description_svd_32,0.0036836131609564136,0.24673218408964415,5000
5,word,50,description_svd_33,0.0035575433620344925,0.25028972745167866,5000
5,word,50,description_svd_34,0.003443884325144759,0.2537336117768234,5000
5,word,50,description_svd_35,0.0034247024314963924,0.2571583142083198,5000
5,word,50,description_svd_36,0.0033597821051575215,0.26051809631347733,5000
5,word,50,description_svd_37,0.003265975084434886,0.2637840713979122,5000
5,word,50,description_svd_38,0.0032389370445280587,0.26702300844244026,5000
5,word,50,description_svd_39,0.00316726501652613,0.2701902734589664,5000
5,word,50,description_svd_40,0.003073552334974524,0.27326382579394093,5000
5,word,50,description_svd_41,0.0030476355770629312,0.2763114613710039,5000
5,word,50,description_svd_42,0.002967081932284383,0.2792785433032883,5000
5,word,50,description_svd_43,0.002915169518268521,0.2821937128215568,5000
5,word,50,description_svd_44,0.002878890591437506,0.28507260341299434,5000
5,word,50,description_svd_45,0.002834414971603806,0.28790701838459815,5000
5,word,50,description_svd_46,0.00276491272622688,0.290671931110825,5000
5,word,50,description_svd_47,0.002688733662402148,0.29336066477322714,5000
5,word,50,description_svd_48,0.0026067825633088386,0.29596744733653596,5000
5,word,50,description_svd_49,0.002585732859837039,0.298553180196373,5000
5,word,50,description_svd_50,0.0025509725645876027,0.3011041527609606,5000
