Model_Key,Model,fold,training_rows,validation_rows,fit_seconds,RMSE_RM,MAE_RM,R2,selected_candidate,inner_candidate_scores
random_forest,Random Forest,1,3032.0,759.0,1.744842600019183,114035.91630798248,61080.8735514796,0.8665078963091242,,
random_forest,Random Forest,2,3033.0,758.0,1.8275996000156738,125040.10424894688,61584.050678400694,0.8964286218699551,,
random_forest,Random Forest,3,3033.0,758.0,1.952288199972827,120165.98875643134,63638.51515126057,0.8619963443563077,,
random_forest,Random Forest,4,3033.0,758.0,1.9638344999984838,107020.96705787217,56380.0940641429,0.862624599868285,,
random_forest,Random Forest,5,3033.0,758.0,1.7917620000080206,147065.39263804478,63403.01795046176,0.7968415416405629,,
catboost,CatBoost,1,3032.0,759.0,32.97017230000347,129145.71206115326,72835.91945318916,0.8287887704002174,2.0,"[{'RMSE_RM': 159963.36412188783, 'MAE_RM': 81819.70946589002}, {'RMSE_RM': 156318.94456971722, 'MAE_RM': 79401.19691960549}, {'RMSE_RM': 155091.45587994627, 'MAE_RM': 80357.82884319386}]"
catboost,CatBoost,2,3033.0,758.0,37.26504540001042,153872.96284075288,74293.39986846327,0.8431567859378076,1.0,"[{'RMSE_RM': 149866.18408001144, 'MAE_RM': 80418.63221187452}, {'RMSE_RM': 148590.35983198642, 'MAE_RM': 77461.44623395907}, {'RMSE_RM': 149536.4430004436, 'MAE_RM': 78647.51214323085}]"
catboost,CatBoost,3,3033.0,758.0,36.90214570000535,123107.64476366171,71486.24859249279,0.855157001277279,1.0,"[{'RMSE_RM': 162499.71192224853, 'MAE_RM': 84237.3007867443}, {'RMSE_RM': 154505.63338900972, 'MAE_RM': 79178.86414540475}, {'RMSE_RM': 154995.44126878446, 'MAE_RM': 81309.54418021112}]"
catboost,CatBoost,4,3033.0,758.0,35.74667760002194,144003.1505838389,72789.01770225952,0.751277418697504,1.0,"[{'RMSE_RM': 152951.15405295684, 'MAE_RM': 82051.87988645618}, {'RMSE_RM': 148279.73855888963, 'MAE_RM': 78422.81299167806}, {'RMSE_RM': 152595.86328217908, 'MAE_RM': 80395.51131805588}]"
catboost,CatBoost,5,3033.0,758.0,35.144917800033,169168.4720769204,76129.2462297245,0.7311854396238436,2.0,"[{'RMSE_RM': 147170.48033728654, 'MAE_RM': 79533.66581836253}, {'RMSE_RM': 146918.65292443306, 'MAE_RM': 77579.85662386779}, {'RMSE_RM': 146060.07248030885, 'MAE_RM': 78264.95994215412}]"
xgboost,XGBoost,1,3032.0,759.0,1.5452837999910116,113409.1726441667,59928.49490336342,0.867971214528503,1.0,"[{'RMSE_RM': 138245.46981245046, 'MAE_RM': 70340.50566500924}, {'RMSE_RM': 133198.46738623717, 'MAE_RM': 67830.60318759187}, {'RMSE_RM': 133787.45882558267, 'MAE_RM': 67738.32195529305}]"
xgboost,XGBoost,2,3033.0,758.0,2.9327798999729566,129615.38966333553,63815.25370579219,0.8887104873757461,2.0,"[{'RMSE_RM': 145963.82544126056, 'MAE_RM': 72272.49068338163}, {'RMSE_RM': 142692.48956083952, 'MAE_RM': 69416.94063724949}, {'RMSE_RM': 141900.04373405175, 'MAE_RM': 68841.9420423287}]"
xgboost,XGBoost,3,3033.0,758.0,2.783453100011684,120952.35275901374,63937.178822842,0.8601842478021011,2.0,"[{'RMSE_RM': 138780.51979183743, 'MAE_RM': 72086.0475633677}, {'RMSE_RM': 134653.67727406058, 'MAE_RM': 68583.80551781559}, {'RMSE_RM': 134578.4494482761, 'MAE_RM': 68494.32304668282}]"
xgboost,XGBoost,4,3033.0,758.0,2.918134999985341,114434.38996831319,59027.23037852587,0.8429332179903276,2.0,"[{'RMSE_RM': 142812.8109524618, 'MAE_RM': 71999.63386445782}, {'RMSE_RM': 141819.7109498425, 'MAE_RM': 69856.07318521453}, {'RMSE_RM': 138842.50085113445, 'MAE_RM': 69149.31068903218}]"
xgboost,XGBoost,5,3033.0,758.0,1.6167905000038445,144383.73898803664,62827.26173198287,0.8041829500743217,1.0,"[{'RMSE_RM': 140415.15719273602, 'MAE_RM': 71139.55688365882}, {'RMSE_RM': 131998.19684298223, 'MAE_RM': 67783.66633048531}, {'RMSE_RM': 132225.97555695745, 'MAE_RM': 67786.00898643567}]"
lightgbm,LightGBM,1,3032.0,759.0,0.9827132999780588,106669.01258870984,58745.19888668885,0.8831983941170307,1.0,"[{'RMSE_RM': 137210.10100624358, 'MAE_RM': 70393.03760699637}, {'RMSE_RM': 132305.84556669707, 'MAE_RM': 69493.21775526647}, {'RMSE_RM': 134933.72266716076, 'MAE_RM': 70210.37145974238}]"
lightgbm,LightGBM,2,3033.0,758.0,0.9943201999994926,128664.46269757894,64946.98565145784,0.8903374545599804,1.0,"[{'RMSE_RM': 140694.8744729399, 'MAE_RM': 70923.03164508058}, {'RMSE_RM': 139123.85098039525, 'MAE_RM': 70199.1669427892}, {'RMSE_RM': 143785.4453602217, 'MAE_RM': 70928.69442347741}]"
lightgbm,LightGBM,3,3033.0,758.0,0.9258297000196762,125320.69634910904,65909.3287419251,0.8499026374795121,1.0,"[{'RMSE_RM': 136086.76580794295, 'MAE_RM': 70803.08862807722}, {'RMSE_RM': 135464.98052808433, 'MAE_RM': 70200.06709413558}, {'RMSE_RM': 137902.79997267327, 'MAE_RM': 71322.31397828762}]"
lightgbm,LightGBM,4,3033.0,758.0,0.8904483999940567,119190.7088964108,60610.61503656753,0.829605318943915,1.0,"[{'RMSE_RM': 140797.81701347456, 'MAE_RM': 71912.18889066135}, {'RMSE_RM': 138975.58894302955, 'MAE_RM': 70608.08790474733}, {'RMSE_RM': 141204.4820424407, 'MAE_RM': 71667.23358692155}]"
lightgbm,LightGBM,5,3033.0,758.0,1.173787200008519,142342.59132691278,63367.14666585471,0.809680332314994,1.0,"[{'RMSE_RM': 136888.54331633158, 'MAE_RM': 70035.48320586205}, {'RMSE_RM': 134808.07384351004, 'MAE_RM': 68522.84165820446}, {'RMSE_RM': 141234.0667334691, 'MAE_RM': 70834.28243779943}]"
huber,Huber Boosting,1,3032.0,759.0,4.169282400049269,114931.67739653299,62317.43895462876,0.8644024776042794,2.0,"[{'RMSE_RM': 144739.69918767168, 'MAE_RM': 70172.10116496978}, {'RMSE_RM': 142602.68215029806, 'MAE_RM': 68681.3137811765}, {'RMSE_RM': 138006.11471085114, 'MAE_RM': 68152.64773252401}]"
huber,Huber Boosting,2,3033.0,758.0,3.554958299966529,136225.51577784968,66034.86879926975,0.8770699600736995,1.0,"[{'RMSE_RM': 144797.34379437182, 'MAE_RM': 71042.07103823159}, {'RMSE_RM': 138327.29768965318, 'MAE_RM': 69066.18062328947}, {'RMSE_RM': 140667.09771784433, 'MAE_RM': 69383.7643547434}]"
huber,Huber Boosting,3,3033.0,758.0,4.256464299978688,133178.1122737343,66337.12766429938,0.8304908400440025,2.0,"[{'RMSE_RM': 148767.44021502032, 'MAE_RM': 71361.76867805772}, {'RMSE_RM': 143748.1208888914, 'MAE_RM': 70001.45686602239}, {'RMSE_RM': 141154.95502110358, 'MAE_RM': 69692.2058580626}]"
huber,Huber Boosting,4,3033.0,758.0,4.168793700053357,115606.38205143024,61322.23154354664,0.8396995105729735,2.0,"[{'RMSE_RM': 141562.964801467, 'MAE_RM': 70434.13967921173}, {'RMSE_RM': 141756.49147869975, 'MAE_RM': 69416.01408076554}, {'RMSE_RM': 138329.92142231853, 'MAE_RM': 68934.78178099205}]"
huber,Huber Boosting,5,3033.0,758.0,3.5106819000211544,148395.22655739318,63909.871818805936,0.7931508229452261,1.0,"[{'RMSE_RM': 141543.0495408424, 'MAE_RM': 71974.92099796433}, {'RMSE_RM': 140097.47717851622, 'MAE_RM': 70239.69936009718}, {'RMSE_RM': 140617.25484109035, 'MAE_RM': 70748.73231927403}]"
tweedie,Tweedie LightGBM,1,3032.0,759.0,1.1979065999621525,111230.80552521923,58492.136084710226,0.8729945292118017,3.0,"[{'RMSE_RM': 130740.72571591142, 'MAE_RM': 66909.66767856933}, {'RMSE_RM': 130715.82045248924, 'MAE_RM': 66543.07049619911}, {'RMSE_RM': 130754.26608577755, 'MAE_RM': 67284.19782287115}, {'RMSE_RM': 130168.84497891481, 'MAE_RM': 66788.92278854306}, {'RMSE_RM': 131380.87512912028, 'MAE_RM': 66990.24264298767}]"
tweedie,Tweedie LightGBM,2,3033.0,758.0,1.2149298000149429,129262.57546382041,63182.20267534949,0.8893155248058338,0.0,"[{'RMSE_RM': 138735.9358594748, 'MAE_RM': 68037.64498074562}, {'RMSE_RM': 138856.4154195677, 'MAE_RM': 68409.53309398642}, {'RMSE_RM': 139206.35359537698, 'MAE_RM': 68546.26106649324}, {'RMSE_RM': 138780.20175361304, 'MAE_RM': 68200.89358881603}, {'RMSE_RM': 139170.93312203584, 'MAE_RM': 68099.58553358816}]"
tweedie,Tweedie LightGBM,3,3033.0,758.0,1.5015260999789461,127413.90491658125,64959.326407748165,0.8448466653649218,4.0,"[{'RMSE_RM': 137802.57306585604, 'MAE_RM': 68316.36949329545}, {'RMSE_RM': 138654.2558163588, 'MAE_RM': 68359.68958926066}, {'RMSE_RM': 137551.4302834913, 'MAE_RM': 68668.78318670909}, {'RMSE_RM': 135547.59420508152, 'MAE_RM': 67997.59728506011}, {'RMSE_RM': 133457.8297457814, 'MAE_RM': 67847.82698480647}]"
tweedie,Tweedie LightGBM,4,3033.0,758.0,1.354325600026641,119708.88401624773,59558.56411972814,0.8281205352322851,0.0,"[{'RMSE_RM': 135291.09056255303, 'MAE_RM': 68530.8006771218}, {'RMSE_RM': 136705.91511749104, 'MAE_RM': 68440.57219411929}, {'RMSE_RM': 137915.78891548168, 'MAE_RM': 68747.03824156777}, {'RMSE_RM': 136203.93010816074, 'MAE_RM': 68602.92645990383}, {'RMSE_RM': 136833.79448172022, 'MAE_RM': 68769.8996167751}]"
tweedie,Tweedie LightGBM,5,3033.0,758.0,1.931511600036174,138273.58341788742,61446.820912381416,0.8204057735878545,3.0,"[{'RMSE_RM': 135081.35416405238, 'MAE_RM': 67050.97546877246}, {'RMSE_RM': 134883.2344170966, 'MAE_RM': 67115.51100158157}, {'RMSE_RM': 134795.55457609455, 'MAE_RM': 67059.40582225256}, {'RMSE_RM': 133524.72553556028, 'MAE_RM': 66594.40745441336}, {'RMSE_RM': 133802.70110983573, 'MAE_RM': 66587.74775700532}]"
target_log_ppsf,RF Log1p PPSF,1,3032.0,759.0,2.8113054999848828,119805.477291946,61416.466489620994,0.852658322066387,,
target_log_ppsf,RF Log1p PPSF,2,3033.0,758.0,2.7391322999610566,129429.62600327717,60778.47995194006,0.88902925712477,,
target_log_ppsf,RF Log1p PPSF,3,3033.0,758.0,2.9789608000428416,120986.67588405067,62453.1435165838,0.8601048844108379,,
target_log_ppsf,RF Log1p PPSF,4,3033.0,758.0,3.4200674000312574,114029.44816692504,56689.11892109126,0.8440428559558988,,
target_log_ppsf,RF Log1p PPSF,5,3033.0,758.0,2.415470500010997,148465.8824680699,62286.218536674816,0.7929538004844813,,
target_log_price,RF Log1p Total Price,1,3032.0,759.0,2.5375356000149623,166796.37637696412,67997.51785631955,0.7144083623352124,,
target_log_price,RF Log1p Total Price,2,3033.0,758.0,2.597573100007139,188783.80951349525,70899.56207680404,0.7639138053810094,,
target_log_price,RF Log1p Total Price,3,3033.0,758.0,2.517671000037808,127635.76452401553,69140.72995307654,0.844305873104693,,
target_log_price,RF Log1p Total Price,4,3033.0,758.0,2.6246425000135787,129841.87003255679,62135.83067609924,0.7977908740905996,,
target_log_price,RF Log1p Total Price,5,3033.0,758.0,2.7396920999744907,160005.98219341307,68039.709156785,0.7595158957896703,,
target_boxcox_price,RF Box-Cox Total Price,1,3032.0,759.0,2.4253403000184335,167793.37465159775,67535.47920175383,0.7109840032100078,,
target_boxcox_price,RF Box-Cox Total Price,2,3033.0,758.0,2.616719000041485,190141.34139688945,71342.4817953149,0.7605062370650993,,
target_boxcox_price,RF Box-Cox Total Price,3,3033.0,758.0,2.5812322999699973,130078.88076791062,69651.928351387,0.8382884480133239,,
target_boxcox_price,RF Box-Cox Total Price,4,3033.0,758.0,2.525920199987013,129959.86491926012,61504.422750958234,0.7974231886248678,,
target_boxcox_price,RF Box-Cox Total Price,5,3033.0,758.0,2.7488580000353977,160155.33242446944,67767.97503244238,0.7590667485981359,,
feature_full,Lightgbm FE full,1,3032.0,759.0,2.7368873999803327,110813.86987091134,59431.334269370935,0.8739448750184109,,
feature_full,Lightgbm FE full,2,3033.0,758.0,3.488711299956776,118126.36052230666,61657.20260430545,0.9075653613191367,,
feature_full,Lightgbm FE full,3,3033.0,758.0,2.685813599964604,137193.1317035522,66313.44443298796,0.8201161384809166,,
feature_full,Lightgbm FE full,4,3033.0,758.0,2.431230600050185,110105.49416742408,58670.49244665204,0.8545916959176534,,
feature_full,Lightgbm FE full,5,3033.0,758.0,2.6073278000112623,148116.55330280622,64617.33979330123,0.7939269828008444,,
feature_minus_micro_market,Lightgbm FE minus_micro_market,1,3032.0,759.0,2.3312703000265174,111378.49920055231,60007.88853609335,0.8726570263379979,,
feature_minus_micro_market,Lightgbm FE minus_micro_market,2,3033.0,758.0,1.8063550000078976,118266.37374115015,62313.20512284845,0.907346108965158,,
feature_minus_micro_market,Lightgbm FE minus_micro_market,3,3033.0,758.0,1.6974247000180185,122491.71464703212,63425.64209698856,0.8566027277446595,,
feature_minus_micro_market,Lightgbm FE minus_micro_market,4,3033.0,758.0,1.700421900022775,108770.90075781844,57671.80303763264,0.8580953331368404,,
feature_minus_micro_market,Lightgbm FE minus_micro_market,5,3033.0,758.0,1.7187693000305444,138647.09889861662,63578.12401550485,0.8194341950014972,,
feature_minus_interactions,Lightgbm FE minus_interactions,1,3032.0,759.0,2.621744000003673,113045.56466691608,60419.21275154805,0.8688164682216465,,
feature_minus_interactions,Lightgbm FE minus_interactions,2,3033.0,758.0,2.460478499997407,131712.62763113718,63969.14827303678,0.8850799176173705,,
feature_minus_interactions,Lightgbm FE minus_interactions,3,3033.0,758.0,3.193396699964069,140549.65547433513,66510.03192931952,0.8112065021257081,,
feature_minus_interactions,Lightgbm FE minus_interactions,4,3033.0,758.0,2.5272693000151776,112485.26557953564,58708.390577170176,0.848238187592989,,
feature_minus_interactions,Lightgbm FE minus_interactions,5,3033.0,758.0,3.721920499985572,164068.88269338876,65910.39408196117,0.7471480098809509,,
best_blend,Best Blend,1,,,,108613.83720609084,58080.214175855435,0.8789004363781343,,
best_blend,Best Blend,2,,,,127756.6195797441,64033.04730928151,0.8918795300531766,,
best_blend,Best Blend,3,,,,120277.52939213027,62694.71970554268,0.8617400295753717,,
best_blend,Best Blend,4,,,,115871.49846708387,59416.465437244515,0.8389634435771058,,
best_blend,Best Blend,5,,,,147546.71110595868,64807.66072999393,0.7955095636583134,,
best_stack,Best Stack,1,,,,107488.47356393622,59600.21770706757,0.8813968960498615,,
best_stack,Best Stack,2,,,,126984.04607012094,63467.50708642392,0.893183234638274,,
best_stack,Best Stack,3,,,,120192.39444923564,62953.01657124172,0.8619356868848191,,
best_stack,Best Stack,4,,,,115810.92574058176,59081.7566284901,0.8391317657929701,,
best_stack,Best Stack,5,,,,145798.7940682284,63485.47382311381,0.8003258709569343,,
