variant,fold,metric_source,train_rows,validation_rows,count,rmse_rm,mae_rm,r2,top5_count,top5_rmse_rm,top5_mae_rm
A_current,1,retrained,3032,759,759,109737.36309210744,60086.553124787584,0.8763821162852261,36,380740.0770762966,304157.5336083814
A_current,1,original_model_matched,3032,759,759,109737.36309210744,60086.553124787584,0.8763821162852261,36,380740.0770762966,304157.53360838146
A_current,2,retrained,3033,758,758,114708.85852815118,61670.590799738064,0.9128364284897903,47,354618.77961649664,268382.43547989335
A_current,2,original_model_matched,3033,758,758,114708.85852815118,61670.59079973808,0.9128364284897903,47,354618.7796164966,268382.43547989335
A_current,3,retrained,3033,758,758,119236.80319619087,62240.86467626786,0.8641223241146723,40,399644.8155246398,283970.25575107837
A_current,3,original_model_matched,3033,758,758,119236.80319619087,62240.86467626786,0.8641223241146723,40,399644.8155246398,283970.25575107837
A_current,4,retrained,3033,758,758,107414.00710869335,57400.26500788628,0.8616137104382661,35,369294.00181442243,251674.04191949527
A_current,4,original_model_matched,3033,758,758,107414.00710869335,57400.26500788628,0.8616137104382661,35,369294.00181442243,251674.04191949527
A_current,5,retrained,3033,758,758,139839.77913840555,63438.436503201214,0.8163142804795185,32,559308.4442114384,362517.8201621691
A_current,5,original_model_matched,3033,758,758,139839.77913840555,63438.436503201214,0.8163142804795185,32,559308.4442114384,362517.82016216905
B_valid_critical,1,retrained,3032,759,759,109737.36309210744,60086.553124787584,0.8763821162852261,36,380740.0770762966,304157.5336083814
B_valid_critical,1,original_model_matched,3032,759,759,109737.36309210744,60086.553124787584,0.8763821162852261,36,380740.0770762966,304157.53360838146
B_valid_critical,2,retrained,3033,758,758,114708.85852815118,61670.590799738064,0.9128364284897903,47,354618.77961649664,268382.43547989335
B_valid_critical,2,original_model_matched,3033,758,758,114708.85852815118,61670.59079973808,0.9128364284897903,47,354618.7796164966,268382.43547989335
B_valid_critical,3,retrained,3033,758,758,119236.80319619087,62240.86467626786,0.8641223241146723,40,399644.8155246398,283970.25575107837
B_valid_critical,3,original_model_matched,3033,758,758,119236.80319619087,62240.86467626786,0.8641223241146723,40,399644.8155246398,283970.25575107837
B_valid_critical,4,retrained,3033,758,758,107414.00710869335,57400.26500788628,0.8616137104382661,35,369294.00181442243,251674.04191949527
B_valid_critical,4,original_model_matched,3033,758,758,107414.00710869335,57400.26500788628,0.8616137104382661,35,369294.00181442243,251674.04191949527
B_valid_critical,5,retrained,3033,758,758,139839.77913840555,63438.436503201214,0.8163142804795185,32,559308.4442114384,362517.8201621691
B_valid_critical,5,original_model_matched,3033,758,758,139839.77913840555,63438.436503201214,0.8163142804795185,32,559308.4442114384,362517.82016216905
C_complete_core,1,retrained,2964,742,742,135781.78361311197,66838.27751513614,0.8557609565873414,49,453026.15036757494,337556.9915822142
C_complete_core,1,original_model_matched,2964,742,742,129440.3265042475,67162.84766863183,0.8689192207352097,49,406289.00826165,304123.536706999
C_complete_core,2,retrained,2965,741,741,97840.60050442484,56259.086418198145,0.8584208128188684,23,361236.69054383057,285426.5847055426
C_complete_core,2,original_model_matched,2965,741,741,100149.12046820828,57283.79763837211,0.8516609563645605,23,378000.0098907282,301961.26143899135
C_complete_core,3,retrained,2965,741,741,102764.94302243127,55367.81811118605,0.9050083871793659,35,313013.4647968248,210002.38267179386
C_complete_core,3,original_model_matched,2965,741,741,102734.43770726102,56055.24045624734,0.9050647744824766,35,339805.40489867656,244147.90643408985
C_complete_core,4,retrained,2965,741,741,115524.07654378442,59271.39689743066,0.912894256067227,39,409642.5008237056,274990.5859057981
C_complete_core,4,original_model_matched,2965,741,741,123246.17838293359,59586.87244414393,0.9008600475876144,39,442671.42418667127,290067.2188736008
C_complete_core,5,retrained,2965,741,741,109651.78871192421,56669.52973102673,0.8460297837063161,38,360715.49597665627,248642.47516908526
C_complete_core,5,original_model_matched,2965,741,741,105740.9437222568,57846.807595823586,0.8568169389016296,38,327876.14028874715,258278.34888243096
D_missing_lt3,1,retrained,1727,432,432,145175.9394695045,69844.12998431016,0.8086607436878295,32,461149.77494130074,315666.726292469
D_missing_lt3,1,original_model_matched,1727,432,432,151424.56882457697,69631.74700649014,0.7918351093250728,32,482825.6200308642,317243.70831863035
D_missing_lt3,2,retrained,1727,432,432,110789.22983096428,63969.488044461374,0.8957337062465658,33,259088.0217612921,197839.10204312386
D_missing_lt3,2,original_model_matched,1727,432,432,108519.94340429123,62353.57701107821,0.8999613166983694,33,299109.51755247463,248773.5740004062
D_missing_lt3,3,retrained,1727,432,432,153109.44728552707,72951.2368738014,0.9068766055665842,34,460124.086705792,308827.1405776609
D_missing_lt3,3,original_model_matched,1727,432,432,145277.06253442416,72141.84289848177,0.9161604535037497,34,411745.45627877186,319400.6370460887
D_missing_lt3,4,retrained,1727,432,432,102541.26271606643,59902.494131154475,0.900357734278301,28,314420.11437581584,243157.87331286672
D_missing_lt3,4,original_model_matched,1727,432,432,105117.15989209233,59807.76337262573,0.8952887102991671,28,326244.5509810309,231916.61881791265
D_missing_lt3,5,retrained,1728,431,431,139096.8911660678,70792.98591771927,0.8137240820735999,33,414317.6352706889,285791.87748932344
D_missing_lt3,5,original_model_matched,1728,431,431,121940.51363396553,66607.70069526309,0.8568412475548823,33,338980.4981227068,232517.16077121758
E_missing_lt5,1,retrained,2820,705,705,121484.8791685693,62222.94935861407,0.8998208638060734,44,398520.27776668733,286771.32772921096
E_missing_lt5,1,original_model_matched,2820,705,705,108176.58578582107,59828.05509186072,0.9205672915406358,44,332375.98860044946,257067.313027756
E_missing_lt5,2,retrained,2820,705,705,101014.63808637651,59413.312490464195,0.8859642269824815,37,298833.29260181834,249351.76991013045
E_missing_lt5,2,original_model_matched,2820,705,705,108387.30652699756,59926.742717639434,0.8687106994815208,37,337729.4377732896,255629.9933344666
E_missing_lt5,3,retrained,2820,705,705,99328.15326281093,58619.25581957285,0.9159983450708997,32,277610.25126935245,218789.492503325
E_missing_lt5,3,original_model_matched,2820,705,705,98974.05455635187,57429.85864761604,0.9165961988928811,32,284916.91450821434,216447.9495844604
E_missing_lt5,4,retrained,2820,705,705,112914.32866128103,57631.1368163542,0.8617902553408044,27,457449.18555999396,295714.72387426265
E_missing_lt5,4,original_model_matched,2820,705,705,109735.75193142044,56924.63928339932,0.8694620347602141,27,437383.30045443936,296976.11849754176
E_missing_lt5,5,retrained,2820,705,705,136017.30579148585,65332.1954860216,0.8233547473294474,40,468684.26637166954,312275.97065506264
E_missing_lt5,5,original_model_matched,2820,705,705,139311.649598475,67005.43457354154,0.8146944173021248,40,481173.56153888116,352861.0936152023
F_completeness_ge80,1,retrained,2185,547,547,132112.80327389986,67847.87451444133,0.9044247856758139,34,445052.7413711694,328161.1058551293
F_completeness_ge80,1,original_model_matched,2185,547,547,102211.94057950709,60063.31114189484,0.9427917408348826,34,309270.5494534379,252096.03078114253
F_completeness_ge80,2,retrained,2185,547,547,129693.11751437426,60189.22786630521,0.8576979782493328,41,402815.4282680658,230769.7596806305
F_completeness_ge80,2,original_model_matched,2185,547,547,121855.6137772615,62367.41599071068,0.8743772507061647,41,357527.1725745076,249827.1568010682
F_completeness_ge80,3,retrained,2186,546,546,108031.82241070147,63841.22751513298,0.8644395459561351,34,308780.69822208356,240374.9241122505
F_completeness_ge80,3,original_model_matched,2186,546,546,113008.29311994044,64639.37013887237,0.8516627440578295,34,321779.7106755499,241504.3583539621
F_completeness_ge80,4,retrained,2186,546,546,157596.2913726531,73120.89325410895,0.817631087087332,40,510356.34580534324,369421.11273114185
F_completeness_ge80,4,original_model_matched,2186,546,546,159705.38984789417,74561.89780204573,0.8127171674045816,40,517148.7335294531,395209.25548161764
F_completeness_ge80,5,retrained,2186,546,546,107921.80342833596,60996.00500813339,0.8683551469580637,23,359205.7676685948,253928.1453376281
F_completeness_ge80,5,original_model_matched,2186,546,546,100414.67197893569,55945.11097940243,0.8860328090863289,23,307335.2330715634,200114.7544179207
G_completeness_ge90,1,retrained,1320,331,331,161248.4046338227,81550.21556010927,0.8017243316731028,33,428162.03292361693,293941.21811019105
G_completeness_ge90,1,original_model_matched,1320,331,331,139211.56375648748,77030.51118772225,0.8522153956399031,33,324111.06377558404,236997.19980676772
G_completeness_ge90,2,retrained,1321,330,330,126718.63983954114,66081.14163118323,0.8660092415941676,29,361051.98770823586,231521.47214247813
G_completeness_ge90,2,original_model_matched,1321,330,330,122157.24386063167,66444.26307837786,0.875481955705992,29,343794.1662933489,260408.99565507972
G_completeness_ge90,3,retrained,1321,330,330,142369.06551626182,71111.64347624521,0.8596907897827125,24,456666.15216234175,330872.79937324254
G_completeness_ge90,3,original_model_matched,1321,330,330,127724.21781018225,69308.83869871787,0.8870720577342923,24,377097.93619879964,274466.2169333955
G_completeness_ge90,4,retrained,1321,330,330,112244.08811248,70359.88157406113,0.7990833913758103,24,268943.2396083473,209367.1139054223
G_completeness_ge90,4,original_model_matched,1321,330,330,98400.95319612397,58856.590972367885,0.8455857068902727,24,246700.40199744707,194575.9920813935
G_completeness_ge90,5,retrained,1321,330,330,180615.21755236623,82340.71011211596,0.8278309626486288,25,571028.8531229057,383435.7928774194
G_completeness_ge90,5,original_model_matched,1321,330,330,176686.8431196648,79685.92963770598,0.8352388568441309,25,565739.819501325,389847.50601230084
H_missing_indicators,1,retrained,3032,759,759,109702.78602730582,59624.53590610856,0.8764600053479035,36,384757.3993939908,297600.1200433971
H_missing_indicators,1,original_model_matched,3032,759,759,109737.36309210744,60086.553124787584,0.8763821162852261,36,380740.0770762966,304157.53360838146
H_missing_indicators,2,retrained,3033,758,758,114422.92625205539,61086.70863456736,0.913270428380567,47,347624.064856317,262364.82063652156
H_missing_indicators,2,original_model_matched,3033,758,758,114708.85852815118,61670.59079973808,0.9128364284897903,47,354618.7796164966,268382.43547989335
H_missing_indicators,3,retrained,3033,758,758,123751.4275919342,62786.63543018245,0.8536381475777013,40,421330.74441406236,286575.2325787367
H_missing_indicators,3,original_model_matched,3033,758,758,119236.80319619087,62240.86467626786,0.8641223241146723,40,399644.8155246398,283970.25575107837
H_missing_indicators,4,retrained,3033,758,758,108387.65010824926,56963.99999600309,0.8590935641601527,35,368243.42975516745,241402.2269469448
H_missing_indicators,4,original_model_matched,3033,758,758,107414.00710869335,57400.26500788628,0.8616137104382661,35,369294.00181442243,251674.04191949527
H_missing_indicators,5,retrained,3033,758,758,139323.6706290892,64188.89486275925,0.8176676410241619,32,556169.3477428593,368746.2371727724
H_missing_indicators,5,original_model_matched,3033,758,758,139839.77913840555,63438.436503201214,0.8163142804795185,32,559308.4442114384,362517.82016216905
