Model,Candidate_ID,Parameters_JSON,CV_RMSE_RM,CV_MAE_RM,CV_R2,CV_Adjusted_R2,Candidate_Rank,Selected
Ridge Regression,31,"{""alpha"": 1000.0}",141108.82942983773,75018.33170320009,0.8168155685875212,0.8152557224445731,1,True
Ridge Regression,30,"{""alpha"": 630.9573444801943}",141927.822334135,75060.69886785546,0.8146830000405058,0.8131049947188709,2,False
Ridge Regression,29,"{""alpha"": 398.1071705534977}",142720.60548048152,75130.4029095204,0.8126069234049113,0.8110112399426859,3,False
Ridge Regression,28,"{""alpha"": 251.18864315095823}",143421.47519002942,75221.3697765441,0.8107619113668267,0.809150517317795,4,False
Ridge Regression,27,"{""alpha"": 158.48931924611142}",143988.53539810245,75317.04064567309,0.809262532980876,0.8076383714735285,5,False
Ridge Regression,26,"{""alpha"": 100.0}",144414.7449706785,75394.68227292136,0.8081316866898661,0.8064978958367729,6,False
Ridge Regression,25,"{""alpha"": 63.09573444801943}",144717.6387535628,75456.38623388657,0.8073259979790908,0.8056853465515578,7,False
Ridge Regression,24,"{""alpha"": 39.81071705534978}",144924.4474741031,75499.80236000937,0.8067749229944885,0.8051295790710781,8,False
Ridge Regression,23,"{""alpha"": 25.11886431509582}",145061.82907532025,75528.930069818,0.8064084126793949,0.8047599478592088,9,False
Ridge Regression,22,"{""alpha"": 15.848931924611142}",145151.43708975537,75548.42167199306,0.8061691668930724,0.804518664854908,10,False
Ridge Regression,21,"{""alpha"": 10.0}",145209.18990447978,75561.38457438708,0.8060148934886255,0.8043630777865596,11,False
Ridge Regression,20,"{""alpha"": 6.309573444801936}",145246.12569643432,75569.68750287026,0.8059161958126119,0.8042635396832887,12,False
Ridge Regression,19,"{""alpha"": 3.981071705534973}",145269.63150903015,75575.03539833904,0.8058533718762172,0.8042001807905437,13,False
Ridge Regression,18,"{""alpha"": 2.5118864315095824}",145284.5435136651,75578.42106378883,0.805813511322006,0.804159980817031,14,False
Ridge Regression,17,"{""alpha"": 1.584893192461114}",145293.98475366525,75580.56182944957,0.8057882722873493,0.8041345268677631,15,False
Ridge Regression,16,"{""alpha"": 1.0}",145299.9547278022,75581.91438183653,0.8057723120559116,0.8041184307322791,16,False
Ridge Regression,15,"{""alpha"": 0.6309573444801936}",145303.72669803412,75582.76851128005,0.8057622276678209,0.8041082604739332,17,False
Ridge Regression,14,"{""alpha"": 0.3981071705534973}",145306.10871256547,75583.3077202363,0.8057558592008978,0.8041018377784467,18,False
Ridge Regression,13,"{""alpha"": 0.25118864315095824}",145307.61248399466,75583.64805353756,0.8057518387188509,0.8040977830613212,19,False
Ridge Regression,12,"{""alpha"": 0.15848931924611143}",145308.5616270357,75583.86283532379,0.8057493010693841,0.8040952238033438,20,False
Ridge Regression,11,"{""alpha"": 0.1}",145309.16062621,75583.99837178554,0.8057476995636397,0.8040936086605094,21,False
Ridge Regression,10,"{""alpha"": 0.06309573444801933}",145309.53862106623,75584.08389680517,0.8057466889395941,0.8040925894308306,22,False
Ridge Regression,9,"{""alpha"": 0.039810717055349734}",145309.77714037333,75584.13786234857,0.805746051222296,0.8040919462832629,23,False
Ridge Regression,8,"{""alpha"": 0.025118864315095808}",145309.92764411427,75584.17191346077,0.805745648827334,0.8040915404618403,24,False
Ridge Regression,7,"{""alpha"": 0.01584893192461114}",145310.0226088325,75584.19339872045,0.8057453949243,0.8040912843967793,25,False
Ridge Regression,6,"{""alpha"": 0.01}",145310.08252882384,75584.20695518612,0.8057452347187416,0.8040911228270438,26,False
Ridge Regression,5,"{""alpha"": 0.00630957344480193}",145310.12033630197,75584.21550881067,0.805745133634445,0.8040910208819975,27,False
Ridge Regression,4,"{""alpha"": 0.003981071705534973}",145310.1441914148,75584.22090581195,0.8057450698539991,0.8040909565584504,28,False
Ridge Regression,3,"{""alpha"": 0.0025118864315095794}",145310.15924305576,75584.2243111011,0.8057450296110328,0.8040909159728085,29,False
Ridge Regression,2,"{""alpha"": 0.001584893192461114}",145310.16874003195,75584.22645969791,0.8057450042193479,0.8040908903649091,30,False
Ridge Regression,1,"{""alpha"": 0.001}",145310.17473223188,75584.22781537268,0.805744988198242,0.8040908742073809,31,False
Random Forest,19,"{""bootstrap"": true, ""criterion"": ""poisson"", ""max_depth"": 30, ""max_features"": 0.5, ""min_samples_leaf"": 3, ""min_samples_split"": 2, ""n_estimators"": 1200, ""n_jobs"": -1, ""random_state"": 42}",124499.35033010734,60979.15617764107,0.8574016984396978,0.8561874499963956,1,True
Random Forest,30,"{""bootstrap"": true, ""criterion"": ""squared_error"", ""max_depth"": null, ""max_features"": 0.5, ""min_samples_leaf"": 4, ""min_samples_split"": 8, ""n_estimators"": 900, ""n_jobs"": -1, ""random_state"": 42}",124684.17352461963,61526.33987854224,0.8569780008650436,0.8557601445658636,2,False
Random Forest,9,"{""bootstrap"": true, ""criterion"": ""poisson"", ""max_depth"": 30, ""max_features"": 0.5, ""min_samples_leaf"": 2, ""min_samples_split"": 4, ""n_estimators"": 900, ""n_jobs"": -1, ""random_state"": 42}",124687.83486829123,60752.23516606996,0.8569696010759582,0.855751673251166,3,False
Random Forest,50,"{""bootstrap"": true, ""criterion"": ""squared_error"", ""max_depth"": null, ""max_features"": 0.5, ""min_samples_leaf"": 4, ""min_samples_split"": 4, ""n_estimators"": 300, ""n_jobs"": -1, ""random_state"": 42}",124726.44258881538,61566.950168503645,0.8568810129215761,0.8556623307537982,4,False
Random Forest,15,"{""bootstrap"": true, ""criterion"": ""poisson"", ""max_depth"": 20, ""max_features"": 0.5, ""min_samples_leaf"": 3, ""min_samples_split"": 10, ""n_estimators"": 500, ""n_jobs"": -1, ""random_state"": 42}",124729.59087691442,61279.81009980781,0.8568737877417172,0.8556550440503214,5,False
Random Forest,46,"{""bootstrap"": true, ""criterion"": ""poisson"", ""max_depth"": 16, ""max_features"": 0.7, ""min_samples_leaf"": 4, ""min_samples_split"": 4, ""n_estimators"": 300, ""n_jobs"": -1, ""random_state"": 42}",124978.45924619766,61647.78455727977,0.8563020690016444,0.8550784570293327,6,False
Random Forest,38,"{""bootstrap"": true, ""criterion"": ""poisson"", ""max_depth"": 20, ""max_features"": 0.5, ""min_samples_leaf"": 2, ""min_samples_split"": 6, ""n_estimators"": 700, ""n_jobs"": -1, ""random_state"": 42}",125096.5433436316,60838.32745145071,0.8560303988789565,0.8548044735900067,7,False
Random Forest,1,"{""bootstrap"": true, ""criterion"": ""squared_error"", ""max_depth"": 24, ""max_features"": 0.7, ""min_samples_leaf"": 3, ""min_samples_split"": 6, ""n_estimators"": 700, ""n_jobs"": -1, ""random_state"": 42}",125115.27455618799,61434.97328188159,0.8559872813471052,0.8547609889051434,8,False
Random Forest,25,"{""bootstrap"": true, ""criterion"": ""poisson"", ""max_depth"": 20, ""max_features"": 0.8, ""min_samples_leaf"": 3, ""min_samples_split"": 6, ""n_estimators"": 300, ""n_jobs"": -1, ""random_state"": 42}",125168.16431546025,61383.255864370425,0.8558654991272041,0.854638169689224,9,False
Random Forest,32,"{""bootstrap"": true, ""criterion"": ""squared_error"", ""max_depth"": null, ""max_features"": 0.7, ""min_samples_leaf"": 5, ""min_samples_split"": 10, ""n_estimators"": 900, ""n_jobs"": -1, ""random_state"": 42}",125219.6416045474,62078.77307686691,0.8557469197882575,0.8545185806273272,10,False
Random Forest,26,"{""bootstrap"": true, ""criterion"": ""poisson"", ""max_depth"": 12, ""max_features"": 0.5, ""min_samples_leaf"": 3, ""min_samples_split"": 8, ""n_estimators"": 700, ""n_jobs"": -1, ""random_state"": 42}",125269.3283631669,61876.39270991332,0.8556324187419506,0.8544031045854159,11,False
Random Forest,33,"{""bootstrap"": true, ""criterion"": ""poisson"", ""max_depth"": 16, ""max_features"": 0.5, ""min_samples_leaf"": 2, ""min_samples_split"": 10, ""n_estimators"": 300, ""n_jobs"": -1, ""random_state"": 42}",125277.36985720489,61314.74562735219,0.8556138831862591,0.8543844111963603,12,False
Random Forest,5,"{""bootstrap"": true, ""criterion"": ""squared_error"", ""max_depth"": 30, ""max_features"": 0.8, ""min_samples_leaf"": 4, ""min_samples_split"": 4, ""n_estimators"": 500, ""n_jobs"": -1, ""random_state"": 42}",125282.88561713845,62052.096785250564,0.8556011687320672,0.8543715884764594,13,False
Random Forest,42,"{""bootstrap"": true, ""criterion"": ""squared_error"", ""max_depth"": 16, ""max_features"": 0.7, ""min_samples_leaf"": 5, ""min_samples_split"": 4, ""n_estimators"": 300, ""n_jobs"": -1, ""random_state"": 42}",125302.11226213463,62228.54780531133,0.8555568447513896,0.8543268870696559,14,False
Random Forest,29,"{""bootstrap"": true, ""criterion"": ""poisson"", ""max_depth"": 16, ""max_features"": 0.5, ""min_samples_leaf"": 2, ""min_samples_split"": 10, ""n_estimators"": 1200, ""n_jobs"": -1, ""random_state"": 42}",125403.88330818499,61275.221942043325,0.8553221144583163,0.8540901580087863,15,False
Random Forest,44,"{""bootstrap"": true, ""criterion"": ""squared_error"", ""max_depth"": 16, ""max_features"": 0.5, ""min_samples_leaf"": 2, ""min_samples_split"": 2, ""n_estimators"": 700, ""n_jobs"": -1, ""random_state"": 42}",125523.55299959789,61417.73562204592,0.855045857959698,0.85381154913977,16,False
Random Forest,18,"{""bootstrap"": true, ""criterion"": ""poisson"", ""max_depth"": null, ""max_features"": 0.7, ""min_samples_leaf"": 2, ""min_samples_split"": 8, ""n_estimators"": 700, ""n_jobs"": -1, ""random_state"": 42}",125576.32751904319,61362.35696213932,0.8549239446909063,0.8536885977590566,17,False
Random Forest,6,"{""bootstrap"": true, ""criterion"": ""poisson"", ""max_depth"": 30, ""max_features"": 0.7, ""min_samples_leaf"": 2, ""min_samples_split"": 6, ""n_estimators"": 700, ""n_jobs"": -1, ""random_state"": 42}",125607.72675105992,61099.07300275085,0.8548513856933033,0.8536154209094251,18,False
Random Forest,2,"{""bootstrap"": true, ""criterion"": ""poisson"", ""max_depth"": 24, ""max_features"": 0.9, ""min_samples_leaf"": 3, ""min_samples_split"": 8, ""n_estimators"": 300, ""n_jobs"": -1, ""random_state"": 42}",125725.18114995047,61571.36903120402,0.854579805042285,0.8533415277036349,19,False
Random Forest,13,"{""bootstrap"": true, ""criterion"": ""poisson"", ""max_depth"": 12, ""max_features"": 0.7, ""min_samples_leaf"": 5, ""min_samples_split"": 6, ""n_estimators"": 700, ""n_jobs"": -1, ""random_state"": 42}",125784.6354630819,62441.911081299244,0.8544422367047102,0.8532027879486034,20,False
Random Forest,34,"{""bootstrap"": true, ""criterion"": ""squared_error"", ""max_depth"": 12, ""max_features"": 0.8, ""min_samples_leaf"": 4, ""min_samples_split"": 6, ""n_estimators"": 700, ""n_jobs"": -1, ""random_state"": 42}",125984.46630289181,62630.84386048744,0.8539793815268154,0.8527359914812748,21,False
Random Forest,49,"{""bootstrap"": true, ""criterion"": ""squared_error"", ""max_depth"": 16, ""max_features"": 0.9, ""min_samples_leaf"": 5, ""min_samples_split"": 8, ""n_estimators"": 700, ""n_jobs"": -1, ""random_state"": 42}",126108.82797280622,62491.86028037622,0.8536909597678847,0.8524451137627149,22,False
Random Forest,28,"{""bootstrap"": true, ""criterion"": ""poisson"", ""max_depth"": 24, ""max_features"": 0.9, ""min_samples_leaf"": 5, ""min_samples_split"": 10, ""n_estimators"": 900, ""n_jobs"": -1, ""random_state"": 42}",126171.70429913029,62222.05361003164,0.8535450275844858,0.85229793894231,23,False
Random Forest,17,"{""bootstrap"": true, ""criterion"": ""squared_error"", ""max_depth"": 24, ""max_features"": 0.9, ""min_samples_leaf"": 4, ""min_samples_split"": 6, ""n_estimators"": 1200, ""n_jobs"": -1, ""random_state"": 42}",126236.4852105188,62197.569187924826,0.8533945988929682,0.852146229325266,24,False
Random Forest,7,"{""bootstrap"": true, ""criterion"": ""poisson"", ""max_depth"": 30, ""max_features"": 0.9, ""min_samples_leaf"": 5, ""min_samples_split"": 4, ""n_estimators"": 300, ""n_jobs"": -1, ""random_state"": 42}",126242.13342205045,62216.41075943489,0.8533814794395757,0.8521329981575284,25,False
Random Forest,22,"{""bootstrap"": true, ""criterion"": ""poisson"", ""max_depth"": 16, ""max_features"": 0.9, ""min_samples_leaf"": 5, ""min_samples_split"": 2, ""n_estimators"": 500, ""n_jobs"": -1, ""random_state"": 42}",126392.97982623192,62298.52014128876,0.8530308819058858,0.8517794152270642,26,False
Random Forest,35,"{""bootstrap"": true, ""criterion"": ""squared_error"", ""max_depth"": 12, ""max_features"": 0.9, ""min_samples_leaf"": 4, ""min_samples_split"": 6, ""n_estimators"": 300, ""n_jobs"": -1, ""random_state"": 42}",126401.69042833832,62820.881957866106,0.853010623919648,0.8517589847406775,27,False
Random Forest,11,"{""bootstrap"": true, ""criterion"": ""squared_error"", ""max_depth"": 30, ""max_features"": 0.8, ""min_samples_leaf"": 3, ""min_samples_split"": 10, ""n_estimators"": 500, ""n_jobs"": -1, ""random_state"": 42}",126418.45691855102,62017.05236683598,0.8529716266660828,0.8517196554189606,28,False
Random Forest,43,"{""bootstrap"": true, ""criterion"": ""squared_error"", ""max_depth"": null, ""max_features"": 0.8, ""min_samples_leaf"": 3, ""min_samples_split"": 8, ""n_estimators"": 900, ""n_jobs"": -1, ""random_state"": 42}",126540.09872060103,61898.04418180783,0.8526885445713428,0.8514341628327273,29,False
Random Forest,20,"{""bootstrap"": true, ""criterion"": ""poisson"", ""max_depth"": 30, ""max_features"": 1.0, ""min_samples_leaf"": 5, ""min_samples_split"": 2, ""n_estimators"": 500, ""n_jobs"": -1, ""random_state"": 42}",126651.2103546205,62539.963180162464,0.852429730126641,0.8511731445396407,30,False
Random Forest,16,"{""bootstrap"": true, ""criterion"": ""poisson"", ""max_depth"": 24, ""max_features"": 0.7, ""min_samples_leaf"": 1, ""min_samples_split"": 6, ""n_estimators"": 700, ""n_jobs"": -1, ""random_state"": 42}",126682.90437179277,61400.31075239365,0.8523558630097366,0.8510986484318526,31,False
Random Forest,40,"{""bootstrap"": true, ""criterion"": ""squared_error"", ""max_depth"": 20, ""max_features"": 1.0, ""min_samples_leaf"": 5, ""min_samples_split"": 10, ""n_estimators"": 300, ""n_jobs"": -1, ""random_state"": 42}",126941.37583917318,62847.87077237831,0.8517527709392602,0.8504904209312922,32,False
Random Forest,47,"{""bootstrap"": true, ""criterion"": ""squared_error"", ""max_depth"": 16, ""max_features"": 0.9, ""min_samples_leaf"": 3, ""min_samples_split"": 2, ""n_estimators"": 900, ""n_jobs"": -1, ""random_state"": 42}",126971.43903573335,62153.42361075693,0.8516825446115279,0.8504195966146064,33,False
Random Forest,4,"{""bootstrap"": true, ""criterion"": ""squared_error"", ""max_depth"": null, ""max_features"": 1.0, ""min_samples_leaf"": 4, ""min_samples_split"": 4, ""n_estimators"": 700, ""n_jobs"": -1, ""random_state"": 42}",127124.78545911123,62607.015735986126,0.8513240752472941,0.8500580748236415,34,False
Random Forest,39,"{""bootstrap"": true, ""criterion"": ""squared_error"", ""max_depth"": 30, ""max_features"": 0.9, ""min_samples_leaf"": 3, ""min_samples_split"": 8, ""n_estimators"": 500, ""n_jobs"": -1, ""random_state"": 42}",127162.18930400895,62250.25646179121,0.8512365727304297,0.8499698272081768,35,False
Random Forest,12,"{""bootstrap"": true, ""criterion"": ""squared_error"", ""max_depth"": 30, ""max_features"": 0.5, ""min_samples_leaf"": 1, ""min_samples_split"": 2, ""n_estimators"": 900, ""n_jobs"": -1, ""random_state"": 42}",127190.20331601752,61326.1308127797,0.8511710199193383,0.8499037162039096,36,False
Random Forest,14,"{""bootstrap"": true, ""criterion"": ""squared_error"", ""max_depth"": 24, ""max_features"": ""sqrt"", ""min_samples_leaf"": 2, ""min_samples_split"": 2, ""n_estimators"": 900, ""n_jobs"": -1, ""random_state"": 42}",127608.96219462447,63308.2925011917,0.8501894026009618,0.8489137402495064,37,False
Random Forest,21,"{""bootstrap"": true, ""criterion"": ""poisson"", ""max_depth"": 16, ""max_features"": 0.9, ""min_samples_leaf"": 1, ""min_samples_split"": 2, ""n_estimators"": 700, ""n_jobs"": -1, ""random_state"": 42}",127770.91767962294,61859.4304111927,0.8498088957138872,0.8485299932824993,38,False
Random Forest,41,"{""bootstrap"": true, ""criterion"": ""squared_error"", ""max_depth"": null, ""max_features"": ""sqrt"", ""min_samples_leaf"": 2, ""min_samples_split"": 8, ""n_estimators"": 900, ""n_jobs"": -1, ""random_state"": 42}",127986.34629535356,63841.986047728795,0.8493020082499662,0.8480187895868472,39,False
Random Forest,24,"{""bootstrap"": true, ""criterion"": ""poisson"", ""max_depth"": 20, ""max_features"": 0.9, ""min_samples_leaf"": 1, ""min_samples_split"": 4, ""n_estimators"": 900, ""n_jobs"": -1, ""random_state"": 42}",128026.46926364249,61701.54878011609,0.8492075075679381,0.8479234842156693,40,False
Random Forest,23,"{""bootstrap"": true, ""criterion"": ""poisson"", ""max_depth"": null, ""max_features"": ""sqrt"", ""min_samples_leaf"": 1, ""min_samples_split"": 6, ""n_estimators"": 900, ""n_jobs"": -1, ""random_state"": 42}",128038.63183598449,63190.95484586917,0.849178855497394,0.8478945881679413,41,False
Random Forest,45,"{""bootstrap"": true, ""criterion"": ""squared_error"", ""max_depth"": null, ""max_features"": ""sqrt"", ""min_samples_leaf"": 3, ""min_samples_split"": 2, ""n_estimators"": 500, ""n_jobs"": -1, ""random_state"": 42}",128043.10923972997,64107.14025076225,0.8491683071346894,0.8478839499841598,42,False
Random Forest,37,"{""bootstrap"": true, ""criterion"": ""squared_error"", ""max_depth"": null, ""max_features"": ""sqrt"", ""min_samples_leaf"": 4, ""min_samples_split"": 2, ""n_estimators"": 300, ""n_jobs"": -1, ""random_state"": 42}",128388.39043388751,64586.176948647,0.8483537445088327,0.8470624512209888,43,False
Random Forest,48,"{""bootstrap"": true, ""criterion"": ""squared_error"", ""max_depth"": null, ""max_features"": ""sqrt"", ""min_samples_leaf"": 1, ""min_samples_split"": 10, ""n_estimators"": 700, ""n_jobs"": -1, ""random_state"": 42}",128469.45767430168,64030.448306847524,0.8481621785172896,0.8468692540129131,44,False
Random Forest,10,"{""bootstrap"": true, ""criterion"": ""squared_error"", ""max_depth"": 24, ""max_features"": ""sqrt"", ""min_samples_leaf"": 4, ""min_samples_split"": 4, ""n_estimators"": 500, ""n_jobs"": -1, ""random_state"": 42}",128480.40683248302,64514.00739915918,0.8481362958335639,0.8468431509337965,45,False
Random Forest,8,"{""bootstrap"": true, ""criterion"": ""poisson"", ""max_depth"": 12, ""max_features"": ""sqrt"", ""min_samples_leaf"": 3, ""min_samples_split"": 6, ""n_estimators"": 500, ""n_jobs"": -1, ""random_state"": 42}",128505.43497336895,64662.23052422219,0.8480771235989212,0.846783474837656,46,False
Random Forest,36,"{""bootstrap"": true, ""criterion"": ""squared_error"", ""max_depth"": null, ""max_features"": ""sqrt"", ""min_samples_leaf"": 5, ""min_samples_split"": 10, ""n_estimators"": 700, ""n_jobs"": -1, ""random_state"": 42}",128651.18554380363,65113.10687561832,0.8477323070067714,0.8464357220744182,47,False
Random Forest,31,"{""bootstrap"": true, ""criterion"": ""squared_error"", ""max_depth"": 30, ""max_features"": ""sqrt"", ""min_samples_leaf"": 5, ""min_samples_split"": 8, ""n_estimators"": 300, ""n_jobs"": -1, ""random_state"": 42}",128743.61243929123,65196.438875683976,0.8475134410002547,0.8462149923871648,48,False
Random Forest,3,"{""bootstrap"": true, ""criterion"": ""squared_error"", ""max_depth"": 12, ""max_features"": 0.9, ""min_samples_leaf"": 2, ""min_samples_split"": 6, ""n_estimators"": 700, ""n_jobs"": -1, ""random_state"": 42}",129487.13333121839,63169.23640313755,0.845747072513262,0.8444335829763872,49,False
Random Forest,27,"{""bootstrap"": true, ""criterion"": ""squared_error"", ""max_depth"": null, ""max_features"": 0.8, ""min_samples_leaf"": 1, ""min_samples_split"": 8, ""n_estimators"": 700, ""n_jobs"": -1, ""random_state"": 42}",131383.95813308217,62375.358700610595,0.8411947464898711,0.8398424931337445,50,False
Gradient Boosting,8,"{""learning_rate"": 0.07, ""loss"": ""huber"", ""max_depth"": 6, ""max_features"": null, ""min_samples_leaf"": 5, ""min_samples_split"": 6, ""n_estimators"": 400, ""random_state"": 42, ""subsample"": 1.0}",123815.8865349057,61270.67856360546,0.8589630441176763,0.8577620907945698,1,True
Gradient Boosting,33,"{""learning_rate"": 0.1, ""loss"": ""squared_error"", ""max_depth"": 6, ""max_features"": ""sqrt"", ""min_samples_leaf"": 5, ""min_samples_split"": 6, ""n_estimators"": 400, ""random_state"": 42, ""subsample"": 0.7}",124333.60254987271,63082.11582301309,0.8577811320486893,0.8565701145461768,2,False
Gradient Boosting,20,"{""learning_rate"": 0.03, ""loss"": ""huber"", ""max_depth"": 5, ""max_features"": 0.9, ""min_samples_leaf"": 3, ""min_samples_split"": 8, ""n_estimators"": 250, ""random_state"": 42, ""subsample"": 0.8}",124669.17694816348,60859.881012170554,0.8570124031680362,0.8557948398102334,3,False
Gradient Boosting,50,"{""learning_rate"": 0.1, ""loss"": ""squared_error"", ""max_depth"": 5, ""max_features"": 0.7, ""min_samples_leaf"": 2, ""min_samples_split"": 4, ""n_estimators"": 150, ""random_state"": 42, ""subsample"": 0.8}",125119.87445265056,62475.446589858664,0.8559766918203683,0.8547503092068109,4,False
Gradient Boosting,29,"{""learning_rate"": 0.07, ""loss"": ""huber"", ""max_depth"": 4, ""max_features"": null, ""min_samples_leaf"": 1, ""min_samples_split"": 6, ""n_estimators"": 150, ""random_state"": 42, ""subsample"": 0.9}",125192.13120903424,61806.25691756653,0.8558102968002057,0.8545824973051569,5,False
Gradient Boosting,14,"{""learning_rate"": 0.07, ""loss"": ""huber"", ""max_depth"": 5, ""max_features"": ""sqrt"", ""min_samples_leaf"": 3, ""min_samples_split"": 2, ""n_estimators"": 400, ""random_state"": 42, ""subsample"": 1.0}",125412.53317462098,61336.4460861105,0.8553021551474398,0.8540700287410317,6,False
Gradient Boosting,35,"{""learning_rate"": 0.05, ""loss"": ""huber"", ""max_depth"": 4, ""max_features"": null, ""min_samples_leaf"": 2, ""min_samples_split"": 4, ""n_estimators"": 250, ""random_state"": 42, ""subsample"": 0.9}",125639.13060844103,61629.78925090291,0.8547787978626991,0.8535422149812745,7,False
Gradient Boosting,25,"{""learning_rate"": 0.07, ""loss"": ""huber"", ""max_depth"": 5, ""max_features"": 0.9, ""min_samples_leaf"": 1, ""min_samples_split"": 2, ""n_estimators"": 250, ""random_state"": 42, ""subsample"": 0.9}",125910.70748616508,60787.29832232588,0.8541503098255506,0.8529083752631285,8,False
Gradient Boosting,51,"{""learning_rate"": 0.07, ""loss"": ""squared_error"", ""max_depth"": 6, ""max_features"": 0.9, ""min_samples_leaf"": 1, ""min_samples_split"": 2, ""n_estimators"": 100, ""random_state"": 42, ""subsample"": 1.0}",126156.14460487918,63336.5958330255,0.8535811474751177,0.8523343663998659,9,False
Gradient Boosting,46,"{""learning_rate"": 0.05, ""loss"": ""squared_error"", ""max_depth"": 5, ""max_features"": 0.7, ""min_samples_leaf"": 3, ""min_samples_split"": 2, ""n_estimators"": 300, ""random_state"": 42, ""subsample"": 0.7}",126194.87714631004,61946.07372687792,0.8534912264510843,0.8522436796832383,10,False
Gradient Boosting,6,"{""learning_rate"": 0.05, ""loss"": ""squared_error"", ""max_depth"": 6, ""max_features"": null, ""min_samples_leaf"": 5, ""min_samples_split"": 4, ""n_estimators"": 300, ""random_state"": 42, ""subsample"": 0.9}",126242.99649357682,62380.23552427065,0.8533794746777823,0.8521309763248524,11,False
Gradient Boosting,19,"{""learning_rate"": 0.07, ""loss"": ""squared_error"", ""max_depth"": 6, ""max_features"": ""sqrt"", ""min_samples_leaf"": 5, ""min_samples_split"": 4, ""n_estimators"": 300, ""random_state"": 42, ""subsample"": 1.0}",126341.6365589216,62129.61401825882,0.8531502610373388,0.8518998108918345,12,False
Gradient Boosting,30,"{""learning_rate"": 0.1, ""loss"": ""squared_error"", ""max_depth"": 5, ""max_features"": 0.7, ""min_samples_leaf"": 5, ""min_samples_split"": 8, ""n_estimators"": 200, ""random_state"": 42, ""subsample"": 1.0}",126392.85557417551,63164.76148323986,0.8530311708650701,0.8517797066467844,13,False
Gradient Boosting,58,"{""learning_rate"": 0.05, ""loss"": ""squared_error"", ""max_depth"": 6, ""max_features"": null, ""min_samples_leaf"": 3, ""min_samples_split"": 2, ""n_estimators"": 200, ""random_state"": 42, ""subsample"": 0.8}",126393.7123427348,62248.523610371674,0.8530291783679752,0.8517776971832427,14,False
Gradient Boosting,47,"{""learning_rate"": 0.1, ""loss"": ""squared_error"", ""max_depth"": 5, ""max_features"": 0.9, ""min_samples_leaf"": 5, ""min_samples_split"": 2, ""n_estimators"": 300, ""random_state"": 42, ""subsample"": 0.8}",126482.18730500627,62814.51053669127,0.8528233486829643,0.8515701148239582,15,False
Gradient Boosting,7,"{""learning_rate"": 0.05, ""loss"": ""huber"", ""max_depth"": 5, ""max_features"": 0.9, ""min_samples_leaf"": 5, ""min_samples_split"": 6, ""n_estimators"": 300, ""random_state"": 42, ""subsample"": 1.0}",126593.23827560335,61741.234088199664,0.8525647939352092,0.8513093584391812,16,False
Gradient Boosting,38,"{""learning_rate"": 0.1, ""loss"": ""huber"", ""max_depth"": 5, ""max_features"": null, ""min_samples_leaf"": 3, ""min_samples_split"": 6, ""n_estimators"": 100, ""random_state"": 42, ""subsample"": 0.8}",126704.8182413396,61815.1337579557,0.8523047790183933,0.8510471294517591,17,False
Gradient Boosting,12,"{""learning_rate"": 0.1, ""loss"": ""squared_error"", ""max_depth"": 4, ""max_features"": null, ""min_samples_leaf"": 5, ""min_samples_split"": 2, ""n_estimators"": 400, ""random_state"": 42, ""subsample"": 0.7}",126784.52324700585,63975.79649028182,0.8521189020919365,0.8508596697521127,18,False
Gradient Boosting,55,"{""learning_rate"": 0.1, ""loss"": ""huber"", ""max_depth"": 4, ""max_features"": null, ""min_samples_leaf"": 3, ""min_samples_split"": 4, ""n_estimators"": 100, ""random_state"": 42, ""subsample"": 0.8}",126830.22283081117,62255.46801597691,0.8520122751561545,0.8507521348700973,19,False
Gradient Boosting,39,"{""learning_rate"": 0.05, ""loss"": ""huber"", ""max_depth"": 4, ""max_features"": ""sqrt"", ""min_samples_leaf"": 5, ""min_samples_split"": 8, ""n_estimators"": 300, ""random_state"": 42, ""subsample"": 0.8}",126855.47578860672,62691.40096643422,0.8519533381026192,0.8506926959576708,20,False
Gradient Boosting,32,"{""learning_rate"": 0.02, ""loss"": ""huber"", ""max_depth"": 4, ""max_features"": 0.7, ""min_samples_leaf"": 3, ""min_samples_split"": 6, ""n_estimators"": 300, ""random_state"": 42, ""subsample"": 0.9}",126953.28854759813,62667.6671043389,0.8517249453564892,0.8504623584090192,21,False
Gradient Boosting,54,"{""learning_rate"": 0.05, ""loss"": ""huber"", ""max_depth"": 6, ""max_features"": ""sqrt"", ""min_samples_leaf"": 1, ""min_samples_split"": 6, ""n_estimators"": 250, ""random_state"": 42, ""subsample"": 0.9}",127100.00670297482,61162.68332273296,0.8513820284691198,0.8501165215268665,22,False
Gradient Boosting,60,"{""learning_rate"": 0.02, ""loss"": ""huber"", ""max_depth"": 4, ""max_features"": 0.9, ""min_samples_leaf"": 1, ""min_samples_split"": 2, ""n_estimators"": 250, ""random_state"": 42, ""subsample"": 0.9}",127320.45572260937,63100.677664134084,0.8508660395301987,0.8495961388556288,23,False
Gradient Boosting,59,"{""learning_rate"": 0.05, ""loss"": ""squared_error"", ""max_depth"": 3, ""max_features"": null, ""min_samples_leaf"": 5, ""min_samples_split"": 6, ""n_estimators"": 250, ""random_state"": 42, ""subsample"": 0.9}",127371.19174247472,65470.0728058775,0.8507471588504085,0.8494762458869207,24,False
Gradient Boosting,4,"{""learning_rate"": 0.07, ""loss"": ""huber"", ""max_depth"": 2, ""max_features"": 0.9, ""min_samples_leaf"": 5, ""min_samples_split"": 6, ""n_estimators"": 400, ""random_state"": 42, ""subsample"": 0.9}",127454.10305852277,63837.07162346077,0.8505527855868915,0.8492802175024797,25,False
Gradient Boosting,27,"{""learning_rate"": 0.05, ""loss"": ""squared_error"", ""max_depth"": 5, ""max_features"": 0.7, ""min_samples_leaf"": 1, ""min_samples_split"": 6, ""n_estimators"": 250, ""random_state"": 42, ""subsample"": 0.8}",127623.97761566524,62779.467060550225,0.8501541448651057,0.8488781822881188,26,False
Gradient Boosting,18,"{""learning_rate"": 0.02, ""loss"": ""squared_error"", ""max_depth"": 5, ""max_features"": 0.7, ""min_samples_leaf"": 5, ""min_samples_split"": 4, ""n_estimators"": 150, ""random_state"": 42, ""subsample"": 1.0}",128290.19849656196,65248.45034814992,0.8485856150920164,0.8472962962210596,27,False
Gradient Boosting,48,"{""learning_rate"": 0.1, ""loss"": ""huber"", ""max_depth"": 2, ""max_features"": null, ""min_samples_leaf"": 5, ""min_samples_split"": 6, ""n_estimators"": 400, ""random_state"": 42, ""subsample"": 1.0}",128507.58076933971,63686.92122238006,0.8480720499112928,0.846778357946727,28,False
Gradient Boosting,49,"{""learning_rate"": 0.03, ""loss"": ""squared_error"", ""max_depth"": 4, ""max_features"": 0.9, ""min_samples_leaf"": 3, ""min_samples_split"": 6, ""n_estimators"": 300, ""random_state"": 42, ""subsample"": 0.8}",128574.4626931877,64468.93420922343,0.8479138665926055,0.8466188276705627,29,False
Gradient Boosting,53,"{""learning_rate"": 0.02, ""loss"": ""huber"", ""max_depth"": 3, ""max_features"": 0.7, ""min_samples_leaf"": 1, ""min_samples_split"": 8, ""n_estimators"": 400, ""random_state"": 42, ""subsample"": 0.7}",128594.49543836535,63937.71646905738,0.8478664708650259,0.8465710283604173,30,False
Gradient Boosting,1,"{""learning_rate"": 0.1, ""max_depth"": 5, ""n_estimators"": 200, ""random_state"": 42}",128882.87857175295,63363.75760496543,0.8471833632764538,0.8458821039962108,31,False
Gradient Boosting,23,"{""learning_rate"": 0.03, ""loss"": ""squared_error"", ""max_depth"": 3, ""max_features"": ""sqrt"", ""min_samples_leaf"": 5, ""min_samples_split"": 8, ""n_estimators"": 400, ""random_state"": 42, ""subsample"": 1.0}",129280.52048342448,66952.06399824772,0.8462389392960741,0.8449296380873126,32,False
Gradient Boosting,56,"{""learning_rate"": 0.1, ""loss"": ""huber"", ""max_depth"": 3, ""max_features"": 0.7, ""min_samples_leaf"": 2, ""min_samples_split"": 8, ""n_estimators"": 100, ""random_state"": 42, ""subsample"": 1.0}",129303.33967953762,64327.14037852269,0.8461846540341518,0.8448748905772845,33,False
Gradient Boosting,40,"{""learning_rate"": 0.1, ""loss"": ""huber"", ""max_depth"": 6, ""max_features"": ""sqrt"", ""min_samples_leaf"": 2, ""min_samples_split"": 4, ""n_estimators"": 300, ""random_state"": 42, ""subsample"": 0.7}",129744.39936309664,62213.54321500169,0.8451335218103525,0.8438148077863853,34,False
Gradient Boosting,52,"{""learning_rate"": 0.05, ""loss"": ""huber"", ""max_depth"": 3, ""max_features"": 0.9, ""min_samples_leaf"": 1, ""min_samples_split"": 6, ""n_estimators"": 150, ""random_state"": 42, ""subsample"": 0.8}",130012.57940940264,64427.74821625286,0.8444926460167087,0.8431684748279207,35,False
Gradient Boosting,21,"{""learning_rate"": 0.1, ""loss"": ""huber"", ""max_depth"": 3, ""max_features"": ""sqrt"", ""min_samples_leaf"": 2, ""min_samples_split"": 4, ""n_estimators"": 150, ""random_state"": 42, ""subsample"": 0.7}",130073.92825261586,65108.95530966889,0.8443458533420227,0.8430204321890011,36,False
Gradient Boosting,5,"{""learning_rate"": 0.02, ""loss"": ""squared_error"", ""max_depth"": 6, ""max_features"": null, ""min_samples_leaf"": 2, ""min_samples_split"": 4, ""n_estimators"": 100, ""random_state"": 42, ""subsample"": 0.8}",130652.71237065233,67340.77221196052,0.8429575569439932,0.8416203142144051,37,False
Gradient Boosting,36,"{""learning_rate"": 0.02, ""loss"": ""huber"", ""max_depth"": 3, ""max_features"": ""sqrt"", ""min_samples_leaf"": 3, ""min_samples_split"": 6, ""n_estimators"": 300, ""random_state"": 42, ""subsample"": 1.0}",131340.8457542679,67095.30337688008,0.8412989502152326,0.8399475841712963,38,False
Gradient Boosting,15,"{""learning_rate"": 0.1, ""loss"": ""squared_error"", ""max_depth"": 2, ""max_features"": ""sqrt"", ""min_samples_leaf"": 5, ""min_samples_split"": 8, ""n_estimators"": 100, ""random_state"": 42, ""subsample"": 1.0}",131943.67242798576,70463.051116462,0.839838798559404,0.8384749990793351,39,False
Gradient Boosting,44,"{""learning_rate"": 0.07, ""loss"": ""squared_error"", ""max_depth"": 3, ""max_features"": 0.9, ""min_samples_leaf"": 2, ""min_samples_split"": 8, ""n_estimators"": 100, ""random_state"": 42, ""subsample"": 1.0}",131952.0410660711,67133.94351392005,0.8398184811980434,0.8384545087122364,40,False
Gradient Boosting,31,"{""learning_rate"": 0.05, ""loss"": ""squared_error"", ""max_depth"": 2, ""max_features"": 0.9, ""min_samples_leaf"": 1, ""min_samples_split"": 6, ""n_estimators"": 250, ""random_state"": 42, ""subsample"": 1.0}",132228.37414330308,68924.25673553073,0.8391468765792737,0.8377771852675484,41,False
Gradient Boosting,34,"{""learning_rate"": 0.02, ""loss"": ""squared_error"", ""max_depth"": 4, ""max_features"": 0.9, ""min_samples_leaf"": 1, ""min_samples_split"": 6, ""n_estimators"": 100, ""random_state"": 42, ""subsample"": 0.9}",132907.03041769384,70687.21569768332,0.8374914963051969,0.8361077091529261,42,False
Gradient Boosting,24,"{""learning_rate"": 0.02, ""loss"": ""squared_error"", ""max_depth"": 3, ""max_features"": ""sqrt"", ""min_samples_leaf"": 1, ""min_samples_split"": 6, ""n_estimators"": 200, ""random_state"": 42, ""subsample"": 1.0}",132938.81762176997,70989.08124088624,0.8374137531084578,0.8360293039598337,43,False
Gradient Boosting,9,"{""learning_rate"": 0.03, ""loss"": ""squared_error"", ""max_depth"": 2, ""max_features"": 0.7, ""min_samples_leaf"": 3, ""min_samples_split"": 8, ""n_estimators"": 250, ""random_state"": 42, ""subsample"": 1.0}",132950.71796224953,69815.81873429388,0.8373846432016525,0.8359999461772919,44,False
Gradient Boosting,41,"{""learning_rate"": 0.03, ""loss"": ""huber"", ""max_depth"": 2, ""max_features"": 0.9, ""min_samples_leaf"": 1, ""min_samples_split"": 8, ""n_estimators"": 300, ""random_state"": 42, ""subsample"": 0.8}",133002.41001438338,66988.26865104614,0.8372581669288337,0.8358723929378072,45,False
Gradient Boosting,28,"{""learning_rate"": 0.1, ""loss"": ""squared_error"", ""max_depth"": 5, ""max_features"": ""sqrt"", ""min_samples_leaf"": 3, ""min_samples_split"": 4, ""n_estimators"": 300, ""random_state"": 42, ""subsample"": 1.0}",133281.57749690305,63406.22996245968,0.8365742709276148,0.8351826734474881,46,False
Gradient Boosting,45,"{""learning_rate"": 0.03, ""loss"": ""squared_error"", ""max_depth"": 3, ""max_features"": null, ""min_samples_leaf"": 3, ""min_samples_split"": 6, ""n_estimators"": 400, ""random_state"": 42, ""subsample"": 1.0}",133542.10374042572,66536.61737173681,0.8359347481287608,0.8345377050047906,47,False
Gradient Boosting,17,"{""learning_rate"": 0.1, ""loss"": ""squared_error"", ""max_depth"": 6, ""max_features"": 0.7, ""min_samples_leaf"": 1, ""min_samples_split"": 2, ""n_estimators"": 100, ""random_state"": 42, ""subsample"": 0.8}",133576.97449436825,63812.93254062033,0.8358490549156472,0.8344512820996016,48,False
Gradient Boosting,10,"{""learning_rate"": 0.05, ""loss"": ""huber"", ""max_depth"": 3, ""max_features"": ""sqrt"", ""min_samples_leaf"": 1, ""min_samples_split"": 2, ""n_estimators"": 100, ""random_state"": 42, ""subsample"": 0.9}",133657.86535722335,68788.02791649848,0.8356501833340333,0.8342507170931309,49,False
Gradient Boosting,16,"{""learning_rate"": 0.1, ""loss"": ""squared_error"", ""max_depth"": 4, ""max_features"": 0.7, ""min_samples_leaf"": 1, ""min_samples_split"": 4, ""n_estimators"": 150, ""random_state"": 42, ""subsample"": 0.8}",133825.44973085515,65301.669259941205,0.8352377911743285,0.8338348133450519,50,False
Gradient Boosting,42,"{""learning_rate"": 0.1, ""loss"": ""squared_error"", ""max_depth"": 6, ""max_features"": 0.7, ""min_samples_leaf"": 2, ""min_samples_split"": 8, ""n_estimators"": 250, ""random_state"": 42, ""subsample"": 0.7}",133983.65782746708,63515.83629447211,0.834847997999626,0.8334417010161209,51,False
Gradient Boosting,3,"{""learning_rate"": 0.02, ""loss"": ""squared_error"", ""max_depth"": 2, ""max_features"": 0.9, ""min_samples_leaf"": 1, ""min_samples_split"": 8, ""n_estimators"": 400, ""random_state"": 42, ""subsample"": 0.7}",134942.10459892487,70032.2669361431,0.8324767302768292,0.8310502415511396,52,False
Gradient Boosting,43,"{""learning_rate"": 0.03, ""loss"": ""huber"", ""max_depth"": 2, ""max_features"": 0.7, ""min_samples_leaf"": 1, ""min_samples_split"": 6, ""n_estimators"": 200, ""random_state"": 42, ""subsample"": 1.0}",135401.08531345942,68457.88842681878,0.8313351931151081,0.8298989840091164,53,False
Gradient Boosting,22,"{""learning_rate"": 0.03, ""loss"": ""huber"", ""max_depth"": 3, ""max_features"": 0.9, ""min_samples_leaf"": 5, ""min_samples_split"": 4, ""n_estimators"": 100, ""random_state"": 42, ""subsample"": 0.9}",135753.76710654676,68257.79253734021,0.8304553999103295,0.8290116992177086,54,False
Gradient Boosting,57,"{""learning_rate"": 0.1, ""loss"": ""squared_error"", ""max_depth"": 4, ""max_features"": ""sqrt"", ""min_samples_leaf"": 1, ""min_samples_split"": 4, ""n_estimators"": 200, ""random_state"": 42, ""subsample"": 0.8}",136011.2615012827,66249.90159591932,0.829811613904717,0.8283624312663325,55,False
Gradient Boosting,11,"{""learning_rate"": 0.1, ""loss"": ""squared_error"", ""max_depth"": 5, ""max_features"": ""sqrt"", ""min_samples_leaf"": 1, ""min_samples_split"": 2, ""n_estimators"": 400, ""random_state"": 42, ""subsample"": 0.8}",136253.6634420263,64271.703694297066,0.8292044471677017,0.8277500944027646,56,False
Gradient Boosting,26,"{""learning_rate"": 0.1, ""loss"": ""squared_error"", ""max_depth"": 4, ""max_features"": ""sqrt"", ""min_samples_leaf"": 1, ""min_samples_split"": 6, ""n_estimators"": 250, ""random_state"": 42, ""subsample"": 0.8}",137511.614437988,66581.59312799184,0.826036176542742,0.8245548454222971,57,False
Gradient Boosting,37,"{""learning_rate"": 0.02, ""loss"": ""huber"", ""max_depth"": 2, ""max_features"": 0.9, ""min_samples_leaf"": 5, ""min_samples_split"": 6, ""n_estimators"": 200, ""random_state"": 42, ""subsample"": 0.7}",139122.96078565562,70445.17233915582,0.8219353108965975,0.8204190602176968,58,False
Gradient Boosting,2,"{""learning_rate"": 0.03, ""loss"": ""squared_error"", ""max_depth"": 2, ""max_features"": 0.7, ""min_samples_leaf"": 1, ""min_samples_split"": 6, ""n_estimators"": 100, ""random_state"": 42, ""subsample"": 1.0}",139139.68844350622,74645.86998214394,0.8218924885724276,0.8203758732542578,59,False
Gradient Boosting,13,"{""learning_rate"": 0.02, ""loss"": ""squared_error"", ""max_depth"": 2, ""max_features"": 0.9, ""min_samples_leaf"": 1, ""min_samples_split"": 2, ""n_estimators"": 100, ""random_state"": 42, ""subsample"": 0.8}",145331.93897217352,79828.82122780745,0.8056867936594112,0.804032184132296,60,False
LightGBM + Position Features,2,"{""colsample_bytree"": 0.6, ""learning_rate"": 0.02, ""max_depth"": 10, ""min_child_samples"": 10, ""n_estimators"": 1200, ""n_jobs"": -1, ""num_leaves"": 95, ""objective"": ""regression"", ""random_state"": 42, ""reg_alpha"": 0.1, ""reg_lambda"": 5.0, ""subsample"": 0.9, ""subsample_freq"": 1, ""verbosity"": -1}",118903.83223288442,59696.6881969071,0.8699315734735507,0.8682983338137208,1,True
LightGBM + Position Features,11,"{""colsample_bytree"": 0.6, ""learning_rate"": 0.02, ""max_depth"": 12, ""min_child_samples"": 10, ""n_estimators"": 1500, ""n_jobs"": -1, ""num_leaves"": 63, ""objective"": ""regression"", ""random_state"": 42, ""reg_alpha"": 0.05, ""reg_lambda"": 5.0, ""subsample"": 0.8, ""subsample_freq"": 1, ""verbosity"": -1}",119712.51942985784,60111.21027938285,0.8681563176287327,0.8665007864848776,2,False
LightGBM + Position Features,54,"{""colsample_bytree"": 0.7, ""learning_rate"": 0.03, ""max_depth"": 8, ""min_child_samples"": 10, ""n_estimators"": 800, ""n_jobs"": -1, ""num_leaves"": 63, ""objective"": ""regression"", ""random_state"": 42, ""reg_alpha"": 0.05, ""reg_lambda"": 5.0, ""subsample"": 1.0, ""subsample_freq"": 0, ""verbosity"": -1}",119725.62080261718,60507.02385559247,0.8681274580281352,0.8664715645008368,3,False
LightGBM + Position Features,77,"{""colsample_bytree"": 0.7, ""learning_rate"": 0.03, ""max_depth"": 10, ""min_child_samples"": 10, ""n_estimators"": 2000, ""n_jobs"": -1, ""num_leaves"": 63, ""objective"": ""regression"", ""random_state"": 42, ""reg_alpha"": 0.1, ""reg_lambda"": 0.0, ""subsample"": 1.0, ""subsample_freq"": 0, ""verbosity"": -1}",119780.92469060102,60518.349033772276,0.8680056002561134,0.8663481765884771,4,False
LightGBM + Position Features,27,"{""colsample_bytree"": 0.9, ""learning_rate"": 0.02, ""max_depth"": 10, ""min_child_samples"": 10, ""n_estimators"": 2000, ""n_jobs"": -1, ""num_leaves"": 31, ""objective"": ""regression"", ""random_state"": 42, ""reg_alpha"": 0.0, ""reg_lambda"": 5.0, ""subsample"": 0.8, ""subsample_freq"": 1, ""verbosity"": -1}",119898.41949254982,60290.41200474026,0.8677465229075925,0.866085846064594,5,False
LightGBM + Position Features,46,"{""colsample_bytree"": 1.0, ""learning_rate"": 0.01, ""max_depth"": -1, ""min_child_samples"": 10, ""n_estimators"": 800, ""n_jobs"": -1, ""num_leaves"": 95, ""objective"": ""regression"", ""random_state"": 42, ""reg_alpha"": 0.1, ""reg_lambda"": 0.0, ""subsample"": 0.9, ""subsample_freq"": 1, ""verbosity"": -1}",120223.58979543415,60497.77459183015,0.867028194524735,0.8653584977955505,6,False
LightGBM + Position Features,5,"{""colsample_bytree"": 0.9, ""learning_rate"": 0.05, ""max_depth"": 12, ""min_child_samples"": 20, ""n_estimators"": 1000, ""n_jobs"": -1, ""num_leaves"": 95, ""objective"": ""regression"", ""random_state"": 42, ""reg_alpha"": 0.0, ""reg_lambda"": 2.0, ""subsample"": 0.9, ""subsample_freq"": 1, ""verbosity"": -1}",120684.46529090169,62146.35327206739,0.8660067492082933,0.8643242264225038,7,False
LightGBM + Position Features,45,"{""colsample_bytree"": 0.7, ""learning_rate"": 0.05, ""max_depth"": 10, ""min_child_samples"": 20, ""n_estimators"": 500, ""n_jobs"": -1, ""num_leaves"": 31, ""objective"": ""regression"", ""random_state"": 42, ""reg_alpha"": 0.1, ""reg_lambda"": 0.0, ""subsample"": 1.0, ""subsample_freq"": 0, ""verbosity"": -1}",120738.98804387786,61676.50882765029,0.865885651083961,0.8642016076965569,8,False
LightGBM + Position Features,71,"{""colsample_bytree"": 0.6, ""learning_rate"": 0.01, ""max_depth"": 12, ""min_child_samples"": 30, ""n_estimators"": 1500, ""n_jobs"": -1, ""num_leaves"": 31, ""objective"": ""regression"", ""random_state"": 42, ""reg_alpha"": 0.1, ""reg_lambda"": 1.0, ""subsample"": 0.7, ""subsample_freq"": 1, ""verbosity"": -1}",120978.79428778279,61056.39422815738,0.8653523784833534,0.8636616389131471,9,False
LightGBM + Position Features,60,"{""colsample_bytree"": 0.9, ""learning_rate"": 0.03, ""max_depth"": 8, ""min_child_samples"": 10, ""n_estimators"": 500, ""n_jobs"": -1, ""num_leaves"": 95, ""objective"": ""regression"", ""random_state"": 42, ""reg_alpha"": 0.0, ""reg_lambda"": 5.0, ""subsample"": 0.7, ""subsample_freq"": 1, ""verbosity"": -1}",121020.37875884393,60645.04295450615,0.8652597967630866,0.8635678946652681,10,False
LightGBM + Position Features,39,"{""colsample_bytree"": 1.0, ""learning_rate"": 0.01, ""max_depth"": 10, ""min_child_samples"": 20, ""n_estimators"": 800, ""n_jobs"": -1, ""num_leaves"": 47, ""objective"": ""regression"", ""random_state"": 42, ""reg_alpha"": 0.5, ""reg_lambda"": 0.0, ""subsample"": 0.9, ""subsample_freq"": 1, ""verbosity"": -1}",121230.98514254931,61207.17432395956,0.864790423935498,0.8630926280297989,11,False
LightGBM + Position Features,31,"{""colsample_bytree"": 0.9, ""learning_rate"": 0.02, ""max_depth"": 12, ""min_child_samples"": 10, ""n_estimators"": 2000, ""n_jobs"": -1, ""num_leaves"": 47, ""objective"": ""regression"", ""random_state"": 42, ""reg_alpha"": 0.1, ""reg_lambda"": 2.0, ""subsample"": 0.7, ""subsample_freq"": 1, ""verbosity"": -1}",121318.88055271492,60942.2916019682,0.8645942924046671,0.8628940337199275,12,False
LightGBM + Position Features,47,"{""colsample_bytree"": 0.6, ""learning_rate"": 0.01, ""max_depth"": 12, ""min_child_samples"": 20, ""n_estimators"": 2000, ""n_jobs"": -1, ""num_leaves"": 47, ""objective"": ""regression"", ""random_state"": 42, ""reg_alpha"": 0.05, ""reg_lambda"": 0.5, ""subsample"": 0.8, ""subsample_freq"": 1, ""verbosity"": -1}",121582.69283717922,60634.382848362635,0.8640047629276661,0.8622971016553178,13,False
LightGBM + Position Features,22,"{""colsample_bytree"": 0.8, ""learning_rate"": 0.01, ""max_depth"": 8, ""min_child_samples"": 30, ""n_estimators"": 1000, ""n_jobs"": -1, ""num_leaves"": 47, ""objective"": ""regression"", ""random_state"": 42, ""reg_alpha"": 0.0, ""reg_lambda"": 0.0, ""subsample"": 0.8, ""subsample_freq"": 1, ""verbosity"": -1}",122099.08835061654,61544.93791843595,0.8628470904640437,0.8611248925617755,14,False
LightGBM + Position Features,79,"{""colsample_bytree"": 0.8, ""learning_rate"": 0.01, ""max_depth"": 10, ""min_child_samples"": 30, ""n_estimators"": 2000, ""n_jobs"": -1, ""num_leaves"": 15, ""objective"": ""regression"", ""random_state"": 42, ""reg_alpha"": 1.0, ""reg_lambda"": 1.0, ""subsample"": 1.0, ""subsample_freq"": 0, ""verbosity"": -1}",122144.54964504298,62352.49071203828,0.8627449388483983,0.8610214582515174,15,False
LightGBM + Position Features,44,"{""colsample_bytree"": 0.7, ""learning_rate"": 0.03, ""max_depth"": -1, ""min_child_samples"": 10, ""n_estimators"": 1500, ""n_jobs"": -1, ""num_leaves"": 15, ""objective"": ""regression"", ""random_state"": 42, ""reg_alpha"": 0.05, ""reg_lambda"": 2.0, ""subsample"": 1.0, ""subsample_freq"": 0, ""verbosity"": -1}",122206.64945339698,61446.170099785544,0.8626053390095529,0.8608801054892348,16,False
LightGBM + Position Features,36,"{""colsample_bytree"": 0.9, ""learning_rate"": 0.03, ""max_depth"": 8, ""min_child_samples"": 10, ""n_estimators"": 1500, ""n_jobs"": -1, ""num_leaves"": 63, ""objective"": ""regression"", ""random_state"": 42, ""reg_alpha"": 0.5, ""reg_lambda"": 1.0, ""subsample"": 1.0, ""subsample_freq"": 0, ""verbosity"": -1}",122237.9813159751,61236.5505538845,0.8625348783185544,0.860808760039359,17,False
LightGBM + Position Features,57,"{""colsample_bytree"": 0.7, ""learning_rate"": 0.03, ""max_depth"": -1, ""min_child_samples"": 20, ""n_estimators"": 500, ""n_jobs"": -1, ""num_leaves"": 31, ""objective"": ""regression"", ""random_state"": 42, ""reg_alpha"": 0.5, ""reg_lambda"": 5.0, ""subsample"": 0.9, ""subsample_freq"": 1, ""verbosity"": -1}",122306.39825134097,61440.66095734037,0.8623809560395712,0.8606529049933141,18,False
LightGBM + Position Features,32,"{""colsample_bytree"": 0.6, ""learning_rate"": 0.03, ""max_depth"": 8, ""min_child_samples"": 20, ""n_estimators"": 1200, ""n_jobs"": -1, ""num_leaves"": 47, ""objective"": ""regression"", ""random_state"": 42, ""reg_alpha"": 0.5, ""reg_lambda"": 5.0, ""subsample"": 1.0, ""subsample_freq"": 0, ""verbosity"": -1}",122341.55750182374,61479.616524553036,0.8623018223560145,0.8605727776460846,19,False
LightGBM + Position Features,51,"{""colsample_bytree"": 0.7, ""learning_rate"": 0.03, ""max_depth"": 12, ""min_child_samples"": 30, ""n_estimators"": 800, ""n_jobs"": -1, ""num_leaves"": 47, ""objective"": ""regression"", ""random_state"": 42, ""reg_alpha"": 0.05, ""reg_lambda"": 0.0, ""subsample"": 1.0, ""subsample_freq"": 0, ""verbosity"": -1}",122412.26911632343,62173.971304547464,0.8621426013270433,0.8604115573148529,20,False
LightGBM + Position Features,56,"{""colsample_bytree"": 0.6, ""learning_rate"": 0.08, ""max_depth"": 8, ""min_child_samples"": 10, ""n_estimators"": 1000, ""n_jobs"": -1, ""num_leaves"": 47, ""objective"": ""regression"", ""random_state"": 42, ""reg_alpha"": 0.05, ""reg_lambda"": 5.0, ""subsample"": 0.7, ""subsample_freq"": 1, ""verbosity"": -1}",122559.79849575632,62546.419210419335,0.8618101138704296,0.86007489488884,21,False
LightGBM + Position Features,63,"{""colsample_bytree"": 0.7, ""learning_rate"": 0.05, ""max_depth"": 12, ""min_child_samples"": 20, ""n_estimators"": 2000, ""n_jobs"": -1, ""num_leaves"": 95, ""objective"": ""regression"", ""random_state"": 42, ""reg_alpha"": 1.0, ""reg_lambda"": 0.5, ""subsample"": 1.0, ""subsample_freq"": 0, ""verbosity"": -1}",122638.42058104642,62168.23711143311,0.8616327594357291,0.859895313454826,22,False
LightGBM + Position Features,40,"{""colsample_bytree"": 0.6, ""learning_rate"": 0.03, ""max_depth"": -1, ""min_child_samples"": 30, ""n_estimators"": 800, ""n_jobs"": -1, ""num_leaves"": 47, ""objective"": ""regression"", ""random_state"": 42, ""reg_alpha"": 0.05, ""reg_lambda"": 1.0, ""subsample"": 0.9, ""subsample_freq"": 1, ""verbosity"": -1}",122674.92945887879,61941.86309270923,0.8615503646269669,0.8598118840331831,23,False
LightGBM + Position Features,8,"{""colsample_bytree"": 0.6, ""learning_rate"": 0.02, ""max_depth"": 8, ""min_child_samples"": 20, ""n_estimators"": 1500, ""n_jobs"": -1, ""num_leaves"": 47, ""objective"": ""regression"", ""random_state"": 42, ""reg_alpha"": 0.5, ""reg_lambda"": 1.0, ""subsample"": 0.7, ""subsample_freq"": 1, ""verbosity"": -1}",122715.59693373629,61392.43340491225,0.861458555642921,0.859718922224598,24,False
LightGBM + Position Features,1,"{""colsample_bytree"": 0.8, ""learning_rate"": 0.03, ""max_depth"": -1, ""min_child_samples"": 20, ""n_estimators"": 1000, ""n_jobs"": -1, ""num_leaves"": 31, ""objective"": ""regression"", ""random_state"": 42, ""reg_alpha"": 0.1, ""reg_lambda"": 1.0, ""subsample"": 0.8, ""subsample_freq"": 1, ""verbosity"": -1}",122730.61964179797,61914.61545985387,0.8614246333849803,0.8596845740125769,25,False
LightGBM + Position Features,59,"{""colsample_bytree"": 0.7, ""learning_rate"": 0.02, ""max_depth"": 8, ""min_child_samples"": 40, ""n_estimators"": 500, ""n_jobs"": -1, ""num_leaves"": 95, ""objective"": ""regression"", ""random_state"": 42, ""reg_alpha"": 1.0, ""reg_lambda"": 2.0, ""subsample"": 0.7, ""subsample_freq"": 1, ""verbosity"": -1}",122817.65579874093,62448.251883339864,0.8612280183262329,0.8594854901032387,26,False
LightGBM + Position Features,49,"{""colsample_bytree"": 0.6, ""learning_rate"": 0.02, ""max_depth"": -1, ""min_child_samples"": 40, ""n_estimators"": 800, ""n_jobs"": -1, ""num_leaves"": 31, ""objective"": ""regression"", ""random_state"": 42, ""reg_alpha"": 0.1, ""reg_lambda"": 2.0, ""subsample"": 0.9, ""subsample_freq"": 1, ""verbosity"": -1}",122850.40855987387,61998.49231979341,0.861153993600946,0.8594105358663066,27,False
LightGBM + Position Features,75,"{""colsample_bytree"": 0.8, ""learning_rate"": 0.03, ""max_depth"": -1, ""min_child_samples"": 30, ""n_estimators"": 800, ""n_jobs"": -1, ""num_leaves"": 31, ""objective"": ""regression"", ""random_state"": 42, ""reg_alpha"": 0.0, ""reg_lambda"": 0.5, ""subsample"": 0.9, ""subsample_freq"": 1, ""verbosity"": -1}",122929.369974773,61781.275607373114,0.860975451248441,0.859229751598074,28,False
LightGBM + Position Features,30,"{""colsample_bytree"": 0.9, ""learning_rate"": 0.03, ""max_depth"": -1, ""min_child_samples"": 40, ""n_estimators"": 500, ""n_jobs"": -1, ""num_leaves"": 63, ""objective"": ""regression"", ""random_state"": 42, ""reg_alpha"": 0.5, ""reg_lambda"": 2.0, ""subsample"": 0.7, ""subsample_freq"": 1, ""verbosity"": -1}",122975.16469472248,62286.19839235032,0.8608718506825823,0.8591248501434643,29,False
LightGBM + Position Features,78,"{""colsample_bytree"": 0.6, ""learning_rate"": 0.05, ""max_depth"": 8, ""min_child_samples"": 10, ""n_estimators"": 1200, ""n_jobs"": -1, ""num_leaves"": 15, ""objective"": ""regression"", ""random_state"": 42, ""reg_alpha"": 0.0, ""reg_lambda"": 1.0, ""subsample"": 0.7, ""subsample_freq"": 1, ""verbosity"": -1}",122993.03997224855,62010.62449401184,0.8608314012953457,0.8590838928424687,30,False
LightGBM + Position Features,48,"{""colsample_bytree"": 0.9, ""learning_rate"": 0.01, ""max_depth"": 10, ""min_child_samples"": 30, ""n_estimators"": 2000, ""n_jobs"": -1, ""num_leaves"": 15, ""objective"": ""regression"", ""random_state"": 42, ""reg_alpha"": 0.1, ""reg_lambda"": 5.0, ""subsample"": 0.8, ""subsample_freq"": 1, ""verbosity"": -1}",123010.36509896432,62335.91592550582,0.8607921912160453,0.8590441904111172,31,False
LightGBM + Position Features,37,"{""colsample_bytree"": 0.7, ""learning_rate"": 0.02, ""max_depth"": 8, ""min_child_samples"": 30, ""n_estimators"": 500, ""n_jobs"": -1, ""num_leaves"": 47, ""objective"": ""regression"", ""random_state"": 42, ""reg_alpha"": 0.05, ""reg_lambda"": 2.0, ""subsample"": 0.7, ""subsample_freq"": 1, ""verbosity"": -1}",123047.64968482076,61965.799431897394,0.8607077903269308,0.8589587297192273,32,False
LightGBM + Position Features,18,"{""colsample_bytree"": 0.6, ""learning_rate"": 0.05, ""max_depth"": 10, ""min_child_samples"": 30, ""n_estimators"": 1500, ""n_jobs"": -1, ""num_leaves"": 31, ""objective"": ""regression"", ""random_state"": 42, ""reg_alpha"": 0.5, ""reg_lambda"": 0.5, ""subsample"": 1.0, ""subsample_freq"": 0, ""verbosity"": -1}",123085.69020847263,63284.25863373736,0.8606216518647722,0.8588715096359836,33,False
LightGBM + Position Features,33,"{""colsample_bytree"": 0.9, ""learning_rate"": 0.05, ""max_depth"": 10, ""min_child_samples"": 10, ""n_estimators"": 1000, ""n_jobs"": -1, ""num_leaves"": 15, ""objective"": ""regression"", ""random_state"": 42, ""reg_alpha"": 0.05, ""reg_lambda"": 0.5, ""subsample"": 0.8, ""subsample_freq"": 1, ""verbosity"": -1}",123175.59742943234,61763.372500185535,0.8604179613047548,0.8586652613799146,34,False
LightGBM + Position Features,61,"{""colsample_bytree"": 0.7, ""learning_rate"": 0.02, ""max_depth"": 6, ""min_child_samples"": 30, ""n_estimators"": 1500, ""n_jobs"": -1, ""num_leaves"": 47, ""objective"": ""regression"", ""random_state"": 42, ""reg_alpha"": 0.1, ""reg_lambda"": 2.0, ""subsample"": 0.9, ""subsample_freq"": 1, ""verbosity"": -1}",123179.26307606825,62116.92863357392,0.8604096533922363,0.8586568491468276,35,False
LightGBM + Position Features,6,"{""colsample_bytree"": 0.6, ""learning_rate"": 0.05, ""max_depth"": 8, ""min_child_samples"": 20, ""n_estimators"": 1000, ""n_jobs"": -1, ""num_leaves"": 31, ""objective"": ""regression"", ""random_state"": 42, ""reg_alpha"": 0.5, ""reg_lambda"": 5.0, ""subsample"": 0.9, ""subsample_freq"": 1, ""verbosity"": -1}",123208.1311423165,61685.41717461095,0.8603442174500201,0.8585905915403623,36,False
LightGBM + Position Features,76,"{""colsample_bytree"": 0.7, ""learning_rate"": 0.08, ""max_depth"": -1, ""min_child_samples"": 20, ""n_estimators"": 800, ""n_jobs"": -1, ""num_leaves"": 63, ""objective"": ""regression"", ""random_state"": 42, ""reg_alpha"": 0.1, ""reg_lambda"": 0.0, ""subsample"": 1.0, ""subsample_freq"": 0, ""verbosity"": -1}",123268.15588510083,62731.949424336344,0.8602081088292335,0.8584527738345699,37,False
LightGBM + Position Features,19,"{""colsample_bytree"": 0.6, ""learning_rate"": 0.01, ""max_depth"": 8, ""min_child_samples"": 40, ""n_estimators"": 1500, ""n_jobs"": -1, ""num_leaves"": 15, ""objective"": ""regression"", ""random_state"": 42, ""reg_alpha"": 1.0, ""reg_lambda"": 1.0, ""subsample"": 0.9, ""subsample_freq"": 1, ""verbosity"": -1}",123356.64198203015,62761.1707548542,0.8600073419982858,0.8582494860201718,38,False
LightGBM + Position Features,13,"{""colsample_bytree"": 1.0, ""learning_rate"": 0.01, ""max_depth"": 12, ""min_child_samples"": 40, ""n_estimators"": 1000, ""n_jobs"": -1, ""num_leaves"": 15, ""objective"": ""regression"", ""random_state"": 42, ""reg_alpha"": 0.0, ""reg_lambda"": 0.5, ""subsample"": 0.9, ""subsample_freq"": 1, ""verbosity"": -1}",123563.27150860231,63309.57865418516,0.8595379575685346,0.8577742076368544,39,False
LightGBM + Position Features,14,"{""colsample_bytree"": 0.9, ""learning_rate"": 0.01, ""max_depth"": -1, ""min_child_samples"": 40, ""n_estimators"": 1500, ""n_jobs"": -1, ""num_leaves"": 15, ""objective"": ""regression"", ""random_state"": 42, ""reg_alpha"": 0.5, ""reg_lambda"": 2.0, ""subsample"": 0.9, ""subsample_freq"": 1, ""verbosity"": -1}",123630.39208733321,62920.32702437212,0.8593853158633256,0.8576196492444573,40,False
LightGBM + Position Features,55,"{""colsample_bytree"": 0.6, ""learning_rate"": 0.05, ""max_depth"": 10, ""min_child_samples"": 20, ""n_estimators"": 800, ""n_jobs"": -1, ""num_leaves"": 15, ""objective"": ""regression"", ""random_state"": 42, ""reg_alpha"": 0.05, ""reg_lambda"": 5.0, ""subsample"": 0.9, ""subsample_freq"": 1, ""verbosity"": -1}",123707.17985295382,61939.14718677191,0.8592105879436573,0.8574427273060277,41,False
LightGBM + Position Features,80,"{""colsample_bytree"": 0.8, ""learning_rate"": 0.02, ""max_depth"": 12, ""min_child_samples"": 40, ""n_estimators"": 2000, ""n_jobs"": -1, ""num_leaves"": 95, ""objective"": ""regression"", ""random_state"": 42, ""reg_alpha"": 0.1, ""reg_lambda"": 0.0, ""subsample"": 0.9, ""subsample_freq"": 1, ""verbosity"": -1}",123813.45560151053,62811.40527604784,0.8589685821482139,0.8571976826988327,42,False
LightGBM + Position Features,17,"{""colsample_bytree"": 0.9, ""learning_rate"": 0.02, ""max_depth"": 8, ""min_child_samples"": 40, ""n_estimators"": 800, ""n_jobs"": -1, ""num_leaves"": 95, ""objective"": ""regression"", ""random_state"": 42, ""reg_alpha"": 0.0, ""reg_lambda"": 1.0, ""subsample"": 1.0, ""subsample_freq"": 0, ""verbosity"": -1}",123828.04144634715,63016.79631432074,0.8589353517770235,0.8571640350614265,43,False
LightGBM + Position Features,43,"{""colsample_bytree"": 0.7, ""learning_rate"": 0.05, ""max_depth"": 10, ""min_child_samples"": 40, ""n_estimators"": 800, ""n_jobs"": -1, ""num_leaves"": 63, ""objective"": ""regression"", ""random_state"": 42, ""reg_alpha"": 0.0, ""reg_lambda"": 1.0, ""subsample"": 1.0, ""subsample_freq"": 0, ""verbosity"": -1}",123828.08539809682,63080.71693303987,0.8589352516375215,0.8571639336644954,44,False
LightGBM + Position Features,34,"{""colsample_bytree"": 0.9, ""learning_rate"": 0.08, ""max_depth"": 10, ""min_child_samples"": 10, ""n_estimators"": 500, ""n_jobs"": -1, ""num_leaves"": 95, ""objective"": ""regression"", ""random_state"": 42, ""reg_alpha"": 1.0, ""reg_lambda"": 0.5, ""subsample"": 0.8, ""subsample_freq"": 1, ""verbosity"": -1}",123872.66769050255,62145.3485036155,0.8588336572057934,0.8570610635345864,45,False
LightGBM + Position Features,28,"{""colsample_bytree"": 0.8, ""learning_rate"": 0.01, ""max_depth"": 8, ""min_child_samples"": 40, ""n_estimators"": 2000, ""n_jobs"": -1, ""num_leaves"": 47, ""objective"": ""regression"", ""random_state"": 42, ""reg_alpha"": 0.1, ""reg_lambda"": 0.0, ""subsample"": 1.0, ""subsample_freq"": 0, ""verbosity"": -1}",123932.28960659119,63016.73436602478,0.8586977332198773,0.8569234327820825,46,False
LightGBM + Position Features,73,"{""colsample_bytree"": 0.7, ""learning_rate"": 0.05, ""max_depth"": 10, ""min_child_samples"": 20, ""n_estimators"": 800, ""n_jobs"": -1, ""num_leaves"": 15, ""objective"": ""regression"", ""random_state"": 42, ""reg_alpha"": 0.05, ""reg_lambda"": 1.0, ""subsample"": 1.0, ""subsample_freq"": 0, ""verbosity"": -1}",123935.44666923721,61859.72340459097,0.8586905340340691,0.856916143197735,47,False
LightGBM + Position Features,23,"{""colsample_bytree"": 0.9, ""learning_rate"": 0.05, ""max_depth"": 6, ""min_child_samples"": 20, ""n_estimators"": 1500, ""n_jobs"": -1, ""num_leaves"": 95, ""objective"": ""regression"", ""random_state"": 42, ""reg_alpha"": 0.1, ""reg_lambda"": 2.0, ""subsample"": 1.0, ""subsample_freq"": 0, ""verbosity"": -1}",123943.477191299,63103.77055386425,0.858672220862505,0.8568976000718392,48,False
LightGBM + Position Features,38,"{""colsample_bytree"": 0.8, ""learning_rate"": 0.03, ""max_depth"": 6, ""min_child_samples"": 10, ""n_estimators"": 1500, ""n_jobs"": -1, ""num_leaves"": 15, ""objective"": ""regression"", ""random_state"": 42, ""reg_alpha"": 0.1, ""reg_lambda"": 0.0, ""subsample"": 0.7, ""subsample_freq"": 1, ""verbosity"": -1}",123947.54336513669,61519.609272344846,0.8586629477203036,0.8568882104888995,49,False
LightGBM + Position Features,52,"{""colsample_bytree"": 0.6, ""learning_rate"": 0.08, ""max_depth"": 6, ""min_child_samples"": 20, ""n_estimators"": 1000, ""n_jobs"": -1, ""num_leaves"": 15, ""objective"": ""regression"", ""random_state"": 42, ""reg_alpha"": 0.05, ""reg_lambda"": 1.0, ""subsample"": 0.9, ""subsample_freq"": 1, ""verbosity"": -1}",123988.29402346416,63239.55357210825,0.8585699967094462,0.8567940923133319,50,False
LightGBM + Position Features,62,"{""colsample_bytree"": 0.6, ""learning_rate"": 0.08, ""max_depth"": 10, ""min_child_samples"": 20, ""n_estimators"": 1000, ""n_jobs"": -1, ""num_leaves"": 95, ""objective"": ""regression"", ""random_state"": 42, ""reg_alpha"": 0.1, ""reg_lambda"": 5.0, ""subsample"": 0.8, ""subsample_freq"": 1, ""verbosity"": -1}",123994.22863389162,62601.74254679085,0.858556457494863,0.8567803830899093,51,False
LightGBM + Position Features,4,"{""colsample_bytree"": 0.6, ""learning_rate"": 0.02, ""max_depth"": 10, ""min_child_samples"": 40, ""n_estimators"": 2000, ""n_jobs"": -1, ""num_leaves"": 95, ""objective"": ""regression"", ""random_state"": 42, ""reg_alpha"": 0.05, ""reg_lambda"": 2.0, ""subsample"": 0.7, ""subsample_freq"": 1, ""verbosity"": -1}",124038.37860349676,62754.48817554059,0.8584557134532261,0.8566783740282466,52,False
LightGBM + Position Features,66,"{""colsample_bytree"": 0.9, ""learning_rate"": 0.03, ""max_depth"": -1, ""min_child_samples"": 60, ""n_estimators"": 1000, ""n_jobs"": -1, ""num_leaves"": 47, ""objective"": ""regression"", ""random_state"": 42, ""reg_alpha"": 0.0, ""reg_lambda"": 0.5, ""subsample"": 0.8, ""subsample_freq"": 1, ""verbosity"": -1}",124071.34617923395,63707.762334061976,0.8583804626773623,0.8566021783454991,53,False
LightGBM + Position Features,16,"{""colsample_bytree"": 0.6, ""learning_rate"": 0.03, ""max_depth"": 6, ""min_child_samples"": 40, ""n_estimators"": 1000, ""n_jobs"": -1, ""num_leaves"": 47, ""objective"": ""regression"", ""random_state"": 42, ""reg_alpha"": 0.0, ""reg_lambda"": 0.0, ""subsample"": 1.0, ""subsample_freq"": 0, ""verbosity"": -1}",124126.0787503831,62981.40390012114,0.8582554876317026,0.8564756340166051,54,False
LightGBM + Position Features,67,"{""colsample_bytree"": 0.9, ""learning_rate"": 0.02, ""max_depth"": 10, ""min_child_samples"": 30, ""n_estimators"": 2000, ""n_jobs"": -1, ""num_leaves"": 31, ""objective"": ""regression"", ""random_state"": 42, ""reg_alpha"": 0.0, ""reg_lambda"": 5.0, ""subsample"": 0.8, ""subsample_freq"": 1, ""verbosity"": -1}",124213.07053623819,62409.258028795615,0.8580567392422345,0.8562743899887975,55,False
LightGBM + Position Features,74,"{""colsample_bytree"": 0.9, ""learning_rate"": 0.03, ""max_depth"": 6, ""min_child_samples"": 40, ""n_estimators"": 1200, ""n_jobs"": -1, ""num_leaves"": 15, ""objective"": ""regression"", ""random_state"": 42, ""reg_alpha"": 0.5, ""reg_lambda"": 1.0, ""subsample"": 1.0, ""subsample_freq"": 0, ""verbosity"": -1}",124294.14877895321,63623.96000734353,0.8578713760416858,0.8560866992246832,56,False
LightGBM + Position Features,10,"{""colsample_bytree"": 0.8, ""learning_rate"": 0.08, ""max_depth"": 10, ""min_child_samples"": 30, ""n_estimators"": 1500, ""n_jobs"": -1, ""num_leaves"": 95, ""objective"": ""regression"", ""random_state"": 42, ""reg_alpha"": 0.5, ""reg_lambda"": 0.0, ""subsample"": 0.9, ""subsample_freq"": 1, ""verbosity"": -1}",124507.63106229498,64106.935943658376,0.8573827287404673,0.855591916090401,57,False
LightGBM + Position Features,15,"{""colsample_bytree"": 0.8, ""learning_rate"": 0.03, ""max_depth"": -1, ""min_child_samples"": 60, ""n_estimators"": 800, ""n_jobs"": -1, ""num_leaves"": 47, ""objective"": ""regression"", ""random_state"": 42, ""reg_alpha"": 0.1, ""reg_lambda"": 5.0, ""subsample"": 0.7, ""subsample_freq"": 1, ""verbosity"": -1}",124757.02661640845,63722.58307566051,0.8568108162316423,0.8550128222062315,58,False
LightGBM + Position Features,50,"{""colsample_bytree"": 0.8, ""learning_rate"": 0.03, ""max_depth"": 10, ""min_child_samples"": 30, ""n_estimators"": 1500, ""n_jobs"": -1, ""num_leaves"": 47, ""objective"": ""regression"", ""random_state"": 42, ""reg_alpha"": 0.5, ""reg_lambda"": 5.0, ""subsample"": 0.8, ""subsample_freq"": 1, ""verbosity"": -1}",124786.22845411605,62777.55625335365,0.8567437758927162,0.8549449400570116,59,False
LightGBM + Position Features,69,"{""colsample_bytree"": 1.0, ""learning_rate"": 0.05, ""max_depth"": 10, ""min_child_samples"": 40, ""n_estimators"": 1000, ""n_jobs"": -1, ""num_leaves"": 95, ""objective"": ""regression"", ""random_state"": 42, ""reg_alpha"": 1.0, ""reg_lambda"": 1.0, ""subsample"": 0.7, ""subsample_freq"": 1, ""verbosity"": -1}",124879.03352908109,63948.48090161804,0.8565306137741802,0.8547291013102172,60,False
LightGBM + Position Features,58,"{""colsample_bytree"": 0.7, ""learning_rate"": 0.03, ""max_depth"": 8, ""min_child_samples"": 40, ""n_estimators"": 1200, ""n_jobs"": -1, ""num_leaves"": 63, ""objective"": ""regression"", ""random_state"": 42, ""reg_alpha"": 1.0, ""reg_lambda"": 2.0, ""subsample"": 0.9, ""subsample_freq"": 1, ""verbosity"": -1}",125187.9863629171,62790.485526235316,0.8558198442730748,0.8540094068380853,61,False
LightGBM + Position Features,42,"{""colsample_bytree"": 0.9, ""learning_rate"": 0.01, ""max_depth"": 12, ""min_child_samples"": 60, ""n_estimators"": 1000, ""n_jobs"": -1, ""num_leaves"": 15, ""objective"": ""regression"", ""random_state"": 42, ""reg_alpha"": 0.5, ""reg_lambda"": 5.0, ""subsample"": 1.0, ""subsample_freq"": 0, ""verbosity"": -1}",125502.54285196462,64065.73414551761,0.855094378782648,0.8532748318424355,62,False
LightGBM + Position Features,9,"{""colsample_bytree"": 0.7, ""learning_rate"": 0.08, ""max_depth"": 10, ""min_child_samples"": 60, ""n_estimators"": 500, ""n_jobs"": -1, ""num_leaves"": 31, ""objective"": ""regression"", ""random_state"": 42, ""reg_alpha"": 1.0, ""reg_lambda"": 0.0, ""subsample"": 0.7, ""subsample_freq"": 1, ""verbosity"": -1}",125575.34078119074,64627.00936926699,0.8549262246026645,0.8531045661886452,63,False
LightGBM + Position Features,12,"{""colsample_bytree"": 0.8, ""learning_rate"": 0.05, ""max_depth"": 6, ""min_child_samples"": 40, ""n_estimators"": 800, ""n_jobs"": -1, ""num_leaves"": 63, ""objective"": ""regression"", ""random_state"": 42, ""reg_alpha"": 1.0, ""reg_lambda"": 1.0, ""subsample"": 0.9, ""subsample_freq"": 1, ""verbosity"": -1}",125903.68317834176,63513.24069429733,0.854166582699605,0.8523353856349193,64,False
LightGBM + Position Features,29,"{""colsample_bytree"": 0.6, ""learning_rate"": 0.02, ""max_depth"": 6, ""min_child_samples"": 60, ""n_estimators"": 1000, ""n_jobs"": -1, ""num_leaves"": 63, ""objective"": ""regression"", ""random_state"": 42, ""reg_alpha"": 0.1, ""reg_lambda"": 2.0, ""subsample"": 1.0, ""subsample_freq"": 0, ""verbosity"": -1}",125974.80522289727,63677.33414718291,0.85400177576044,0.8521685092524893,65,False
LightGBM + Position Features,25,"{""colsample_bytree"": 0.6, ""learning_rate"": 0.08, ""max_depth"": 6, ""min_child_samples"": 60, ""n_estimators"": 500, ""n_jobs"": -1, ""num_leaves"": 15, ""objective"": ""regression"", ""random_state"": 42, ""reg_alpha"": 0.5, ""reg_lambda"": 1.0, ""subsample"": 0.8, ""subsample_freq"": 1, ""verbosity"": -1}",126303.34326960654,65063.88630165162,0.8532392658577939,0.8513964246863582,66,False
LightGBM + Position Features,3,"{""colsample_bytree"": 0.7, ""learning_rate"": 0.05, ""max_depth"": 12, ""min_child_samples"": 40, ""n_estimators"": 1500, ""n_jobs"": -1, ""num_leaves"": 31, ""objective"": ""regression"", ""random_state"": 42, ""reg_alpha"": 0.1, ""reg_lambda"": 2.0, ""subsample"": 1.0, ""subsample_freq"": 0, ""verbosity"": -1}",126772.71571118558,64361.40293193443,0.8521464453599579,0.8502898818899921,67,False
LightGBM + Position Features,21,"{""colsample_bytree"": 0.8, ""learning_rate"": 0.08, ""max_depth"": 12, ""min_child_samples"": 20, ""n_estimators"": 500, ""n_jobs"": -1, ""num_leaves"": 63, ""objective"": ""regression"", ""random_state"": 42, ""reg_alpha"": 1.0, ""reg_lambda"": 5.0, ""subsample"": 0.7, ""subsample_freq"": 1, ""verbosity"": -1}",126875.2289581814,63721.56256641733,0.8519072286464291,0.8500476613865793,68,False
LightGBM + Position Features,7,"{""colsample_bytree"": 1.0, ""learning_rate"": 0.03, ""max_depth"": 8, ""min_child_samples"": 60, ""n_estimators"": 800, ""n_jobs"": -1, ""num_leaves"": 47, ""objective"": ""regression"", ""random_state"": 42, ""reg_alpha"": 0.1, ""reg_lambda"": 0.0, ""subsample"": 1.0, ""subsample_freq"": 0, ""verbosity"": -1}",127048.25831989432,64145.15073543912,0.8515030225475968,0.8496383797636633,69,False
LightGBM + Position Features,68,"{""colsample_bytree"": 0.7, ""learning_rate"": 0.08, ""max_depth"": 6, ""min_child_samples"": 30, ""n_estimators"": 1500, ""n_jobs"": -1, ""num_leaves"": 63, ""objective"": ""regression"", ""random_state"": 42, ""reg_alpha"": 0.5, ""reg_lambda"": 0.0, ""subsample"": 0.8, ""subsample_freq"": 1, ""verbosity"": -1}",127463.40404464264,64652.977760514965,0.8505309729162668,0.8486541243261156,70,False
LightGBM + Position Features,35,"{""colsample_bytree"": 0.8, ""learning_rate"": 0.05, ""max_depth"": -1, ""min_child_samples"": 60, ""n_estimators"": 1500, ""n_jobs"": -1, ""num_leaves"": 95, ""objective"": ""regression"", ""random_state"": 42, ""reg_alpha"": 0.05, ""reg_lambda"": 5.0, ""subsample"": 0.7, ""subsample_freq"": 1, ""verbosity"": -1}",127789.59509122807,65879.87324444881,0.8497649829651293,0.8478785160133155,71,False
LightGBM + Position Features,24,"{""colsample_bytree"": 1.0, ""learning_rate"": 0.05, ""max_depth"": 8, ""min_child_samples"": 40, ""n_estimators"": 2000, ""n_jobs"": -1, ""num_leaves"": 63, ""objective"": ""regression"", ""random_state"": 42, ""reg_alpha"": 1.0, ""reg_lambda"": 1.0, ""subsample"": 1.0, ""subsample_freq"": 0, ""verbosity"": -1}",127853.91884840817,65103.527264720215,0.8496137012760632,0.8477253347144749,72,False
LightGBM + Position Features,64,"{""colsample_bytree"": 0.9, ""learning_rate"": 0.03, ""max_depth"": 8, ""min_child_samples"": 60, ""n_estimators"": 2000, ""n_jobs"": -1, ""num_leaves"": 15, ""objective"": ""regression"", ""random_state"": 42, ""reg_alpha"": 0.0, ""reg_lambda"": 2.0, ""subsample"": 0.7, ""subsample_freq"": 1, ""verbosity"": -1}",128115.66600217702,65298.706775306804,0.8489973184717127,0.8471012121313896,73,False
LightGBM + Position Features,65,"{""colsample_bytree"": 0.9, ""learning_rate"": 0.03, ""max_depth"": -1, ""min_child_samples"": 60, ""n_estimators"": 1200, ""n_jobs"": -1, ""num_leaves"": 15, ""objective"": ""regression"", ""random_state"": 42, ""reg_alpha"": 0.0, ""reg_lambda"": 0.5, ""subsample"": 1.0, ""subsample_freq"": 0, ""verbosity"": -1}",128342.36783808118,64649.83734477945,0.8484624444218263,0.8465596217896665,74,False
LightGBM + Position Features,72,"{""colsample_bytree"": 1.0, ""learning_rate"": 0.08, ""max_depth"": 6, ""min_child_samples"": 40, ""n_estimators"": 1200, ""n_jobs"": -1, ""num_leaves"": 31, ""objective"": ""regression"", ""random_state"": 42, ""reg_alpha"": 0.5, ""reg_lambda"": 0.5, ""subsample"": 0.8, ""subsample_freq"": 1, ""verbosity"": -1}",128386.7390634235,64919.2887620589,0.8483576455241182,0.8464535069560267,75,False
LightGBM + Position Features,26,"{""colsample_bytree"": 1.0, ""learning_rate"": 0.08, ""max_depth"": 6, ""min_child_samples"": 40, ""n_estimators"": 1200, ""n_jobs"": -1, ""num_leaves"": 15, ""objective"": ""regression"", ""random_state"": 42, ""reg_alpha"": 0.5, ""reg_lambda"": 2.0, ""subsample"": 0.8, ""subsample_freq"": 1, ""verbosity"": -1}",128499.50555940368,65172.62710661515,0.8480911431280218,0.8461836581499339,76,False
LightGBM + Position Features,53,"{""colsample_bytree"": 0.9, ""learning_rate"": 0.05, ""max_depth"": 6, ""min_child_samples"": 60, ""n_estimators"": 800, ""n_jobs"": -1, ""num_leaves"": 15, ""objective"": ""regression"", ""random_state"": 42, ""reg_alpha"": 0.05, ""reg_lambda"": 0.0, ""subsample"": 1.0, ""subsample_freq"": 0, ""verbosity"": -1}",128768.73089397518,64770.12225653275,0.8474539335762086,0.845538447302653,77,False
LightGBM + Position Features,70,"{""colsample_bytree"": 0.9, ""learning_rate"": 0.08, ""max_depth"": 8, ""min_child_samples"": 40, ""n_estimators"": 1200, ""n_jobs"": -1, ""num_leaves"": 31, ""objective"": ""regression"", ""random_state"": 42, ""reg_alpha"": 1.0, ""reg_lambda"": 1.0, ""subsample"": 0.8, ""subsample_freq"": 1, ""verbosity"": -1}",129930.59818327337,65406.79261323417,0.844688698801453,0.8427384901035284,78,False
LightGBM + Position Features,41,"{""colsample_bytree"": 0.9, ""learning_rate"": 0.08, ""max_depth"": -1, ""min_child_samples"": 30, ""n_estimators"": 1500, ""n_jobs"": -1, ""num_leaves"": 47, ""objective"": ""regression"", ""random_state"": 42, ""reg_alpha"": 0.1, ""reg_lambda"": 5.0, ""subsample"": 0.8, ""subsample_freq"": 1, ""verbosity"": -1}",130279.30249928789,65833.51269750597,0.8438539393938239,0.8418932488118067,79,False
LightGBM + Position Features,20,"{""colsample_bytree"": 0.6, ""learning_rate"": 0.08, ""max_depth"": 6, ""min_child_samples"": 60, ""n_estimators"": 1500, ""n_jobs"": -1, ""num_leaves"": 63, ""objective"": ""regression"", ""random_state"": 42, ""reg_alpha"": 0.5, ""reg_lambda"": 0.5, ""subsample"": 0.8, ""subsample_freq"": 1, ""verbosity"": -1}",130866.48169639285,66669.48192311097,0.8424432420051461,0.8404648376167523,80,False
