row_index,listing_id,repeat_group_id,repeat_level,group_size,level1_match_group_id,level2_match_group_id
2,103792905,RG_0001,Level 3 - possible repeat,2,,
19,103740356,RG_0002,Level 3 - possible repeat,2,,
74,103805563,RG_0003,Level 3 - possible repeat,2,,
76,102631653,RG_0004,Level 3 - possible repeat,2,,
78,103805644,RG_0005,Level 3 - possible repeat,3,,
88,103443920,RG_0006,Level 3 - possible repeat,2,,
103,102631668,RG_0004,Level 3 - possible repeat,2,,
108,103805511,RG_0007,Level 3 - possible repeat,2,,
129,103805398,RG_0005,Level 3 - possible repeat,3,,
147,103539418,RG_0008,Level 3 - possible repeat,3,,
149,103176156,RG_0009,Level 3 - possible repeat,2,,
150,103050937,RG_0010,Level 3 - possible repeat,4,,
166,103487988,RG_0011,Level 3 - possible repeat,2,,
170,103805026,RG_0012,Level 3 - possible repeat,2,,
182,101817399,RG_0013,Level 3 - possible repeat,2,,
188,103493683,RG_0014,Level 3 - possible repeat,2,,
190,103126986,RG_0015,Level 3 - possible repeat,2,,
199,96323999,RG_0016,Level 3 - possible repeat,2,,
201,95783518,RG_0017,Level 2 - strong repeat,2,,L2_0001
205,103804591,RG_0018,Level 3 - possible repeat,2,,
211,103612129,RG_0019,Level 3 - possible repeat,2,,
216,103804632,RG_0020,Level 3 - possible repeat,6,,
218,103804617,RG_0021,Level 3 - possible repeat,2,,
238,96102884,RG_0022,Level 2 - strong repeat,2,,L2_0002
247,103804387,RG_0023,Level 3 - possible repeat,2,,
248,103804295,RG_0024,Level 3 - possible repeat,2,,
250,103804345,RG_0025,Level 3 - possible repeat,2,,
251,102156206,RG_0020,Level 3 - possible repeat,6,,
253,103804237,RG_0026,Level 3 - possible repeat,2,,
256,103580930,RG_0027,Level 3 - possible repeat,2,,
258,102862641,RG_0028,Level 3 - possible repeat,2,,
264,103804090,RG_0029,Level 1 - exact duplicate,3,L1_0001,L2_0003
268,103804189,RG_0030,Level 3 - possible repeat,2,,
273,103655467,RG_0031,Level 3 - possible repeat,4,,
274,101555323,RG_0032,Level 3 - possible repeat,2,,
280,103804135,RG_0033,Level 3 - possible repeat,2,,
285,103804063,RG_0034,Level 3 - possible repeat,2,,
294,103803848,RG_0024,Level 3 - possible repeat,2,,
297,101547589,RG_0035,Level 3 - possible repeat,2,,
300,102709083,RG_0035,Level 3 - possible repeat,2,,
305,103803959,RG_0036,Level 3 - possible repeat,2,,
306,103803955,RG_0036,Level 3 - possible repeat,2,,
307,102035044,RG_0037,Level 3 - possible repeat,2,,
322,100180638,RG_0038,Level 3 - possible repeat,3,,
325,102812723,RG_0039,Level 3 - possible repeat,2,,
358,100303196,RG_0040,Level 3 - possible repeat,2,,
359,99305459,RG_0041,Level 3 - possible repeat,2,,
378,103803067,RG_0003,Level 3 - possible repeat,2,,
384,102383514,RG_0042,Level 3 - possible repeat,2,,
414,103517969,RG_0043,Level 3 - possible repeat,2,,
420,103802897,RG_0044,Level 3 - possible repeat,2,,
460,100482067,RG_0017,Level 2 - strong repeat,2,,L2_0001
461,101856001,RG_0045,Level 1 - exact duplicate,3,L1_0002,L2_0004
464,103730893,RG_0046,Level 3 - possible repeat,2,,
485,103204105,RG_0045,Level 1 - exact duplicate,3,L1_0002,L2_0004
490,103802298,RG_0047,Level 3 - possible repeat,2,,
517,102731755,RG_0048,Level 3 - possible repeat,3,,
524,103674063,RG_0049,Level 3 - possible repeat,2,,
526,103203509,RG_0050,Level 3 - possible repeat,2,,
532,103802084,RG_0051,Level 3 - possible repeat,2,,
535,103802184,RG_0049,Level 3 - possible repeat,2,,
550,103801783,RG_0052,Level 3 - possible repeat,2,,
583,103801557,RG_0026,Level 3 - possible repeat,2,,
584,103478023,RG_0053,Level 3 - possible repeat,2,,
599,103151143,RG_0054,Level 1 - exact duplicate,2,L1_0003,L2_0005
600,103150184,RG_0054,Level 1 - exact duplicate,2,L1_0003,L2_0005
627,103801242,RG_0055,Level 3 - possible repeat,2,,
659,101847016,RG_0056,Level 3 - possible repeat,2,,
671,103800951,RG_0047,Level 3 - possible repeat,2,,
677,101720817,RG_0057,Level 3 - possible repeat,2,,
681,103800986,RG_0020,Level 3 - possible repeat,6,,
682,103800985,RG_0051,Level 3 - possible repeat,2,,
685,102793564,RG_0058,Level 3 - possible repeat,2,,
691,103586006,RG_0059,Level 3 - possible repeat,3,,
711,103800828,RG_0060,Level 3 - possible repeat,2,,
750,103800415,RG_0044,Level 3 - possible repeat,2,,
760,103797239,RG_0020,Level 3 - possible repeat,6,,
773,101843227,RG_0046,Level 3 - possible repeat,2,,
779,103356373,RG_0061,Level 3 - possible repeat,2,,
782,103800186,RG_0020,Level 3 - possible repeat,6,,
783,102470557,RG_0030,Level 3 - possible repeat,2,,
789,103800023,RG_0062,Level 3 - possible repeat,2,,
791,103133327,RG_0063,Level 3 - possible repeat,2,,
806,103799861,RG_0052,Level 3 - possible repeat,2,,
809,103799934,RG_0064,Level 3 - possible repeat,2,,
812,96037286,RG_0065,Level 3 - possible repeat,2,,
833,103799666,RG_0066,Level 3 - possible repeat,2,,
834,99994813,RG_0067,Level 3 - possible repeat,2,,
847,103248527,RG_0068,Level 3 - possible repeat,2,,
867,103799199,RG_0069,Level 3 - possible repeat,2,,
880,103799353,RG_0070,Level 3 - possible repeat,2,,
885,103153518,RG_0071,Level 3 - possible repeat,2,,
886,103799292,RG_0072,Level 3 - possible repeat,2,,
887,103799289,RG_0072,Level 3 - possible repeat,2,,
901,102925263,RG_0073,Level 3 - possible repeat,2,,
919,103798866,RG_0074,Level 3 - possible repeat,3,,
941,99442730,RG_0043,Level 3 - possible repeat,2,,
942,102920898,RG_0075,Level 1 - exact duplicate,2,L1_0004,L2_0006
951,103798472,RG_0076,Level 3 - possible repeat,2,,
962,103444549,RG_0014,Level 3 - possible repeat,2,,
971,103797273,RG_0020,Level 3 - possible repeat,6,,
975,103450483,RG_0077,Level 1 - exact duplicate,2,L1_0005,L2_0007
977,101370530,RG_0078,Level 3 - possible repeat,3,,
979,103729705,RG_0079,Level 3 - possible repeat,2,,
996,103797909,RG_0080,Level 3 - possible repeat,2,,
1004,103338655,RG_0031,Level 3 - possible repeat,4,,
1011,103148750,RG_0081,Level 3 - possible repeat,2,,
1013,103082575,RG_0082,Level 3 - possible repeat,2,,
1018,103324351,RG_0083,Level 3 - possible repeat,2,,
1020,103124171,RG_0084,Level 3 - possible repeat,2,,
1027,100758841,RG_0085,Level 3 - possible repeat,2,,
1033,102898854,RG_0086,Level 3 - possible repeat,2,,
1040,101737458,RG_0087,Level 3 - possible repeat,2,,
1045,99310438,RG_0088,Level 3 - possible repeat,2,,
1048,99466291,RG_0061,Level 3 - possible repeat,2,,
1049,103388443,RG_0089,Level 3 - possible repeat,2,,
1051,100288529,RG_0090,Level 3 - possible repeat,2,,
1066,103797322,RG_0091,Level 3 - possible repeat,2,,
1070,103797251,RG_0092,Level 3 - possible repeat,2,,
1072,103797271,RG_0093,Level 3 - possible repeat,2,,
1080,100543512,RG_0087,Level 3 - possible repeat,2,,
1110,103684332,RG_0069,Level 3 - possible repeat,2,,
1111,103714989,RG_0094,Level 3 - possible repeat,2,,
1123,100288687,RG_0083,Level 3 - possible repeat,2,,
1139,103470205,RG_0095,Level 1 - exact duplicate,2,L1_0006,L2_0008
1143,103336579,RG_0096,Level 1 - exact duplicate,2,L1_0007,L2_0009
1149,103796815,RG_0023,Level 3 - possible repeat,2,,
1171,103796707,RG_0097,Level 2 - strong repeat,3,,L2_0010
1172,103796697,RG_0097,Level 2 - strong repeat,3,,L2_0010
1173,103796684,RG_0097,Level 2 - strong repeat,3,,L2_0010
1179,103527484,RG_0053,Level 3 - possible repeat,2,,
1180,103072253,RG_0082,Level 3 - possible repeat,2,,
1186,103796665,RG_0060,Level 3 - possible repeat,2,,
1200,103223072,RG_0095,Level 1 - exact duplicate,2,L1_0006,L2_0008
1201,103470201,RG_0096,Level 1 - exact duplicate,2,L1_0007,L2_0009
1219,102272734,RG_0088,Level 3 - possible repeat,2,,
1220,100184788,RG_0084,Level 3 - possible repeat,2,,
1227,103796349,RG_0098,Level 3 - possible repeat,2,,
1231,101325789,RG_0081,Level 3 - possible repeat,2,,
1244,100249876,RG_0090,Level 3 - possible repeat,2,,
1254,103796162,RG_0029,Level 1 - exact duplicate,3,L1_0001,L2_0003
1275,103795950,RG_0099,Level 3 - possible repeat,2,,
1276,103308799,RG_0055,Level 3 - possible repeat,2,,
1277,103795930,RG_0005,Level 3 - possible repeat,3,,
1278,103245620,RG_0100,Level 3 - possible repeat,2,,
1280,102907672,RG_0086,Level 3 - possible repeat,2,,
1282,103795891,RG_0101,Level 3 - possible repeat,3,,
1286,103795802,RG_0102,Level 3 - possible repeat,2,,
1292,103795699,RG_0103,Level 3 - possible repeat,2,,
1294,103449900,RG_0050,Level 3 - possible repeat,2,,
1313,103795360,RG_0104,Level 1 - exact duplicate,2,L1_0008,L2_0011
1322,103795288,RG_0104,Level 1 - exact duplicate,2,L1_0008,L2_0011
1328,103350530,RG_0031,Level 3 - possible repeat,4,,
1332,103795120,RG_0062,Level 3 - possible repeat,2,,
1343,102621739,RG_0105,Level 3 - possible repeat,2,,
1344,103794979,RG_0106,Level 3 - possible repeat,2,,
1364,101837463,RG_0033,Level 3 - possible repeat,2,,
1378,103794505,RG_0107,Level 3 - possible repeat,2,,
1383,103794442,RG_0108,Level 3 - possible repeat,2,,
1385,103794493,RG_0109,Level 3 - possible repeat,2,,
1386,103794636,RG_0110,Level 3 - possible repeat,2,,
1397,103653397,RG_0111,Level 3 - possible repeat,2,,
1402,102762016,RG_0112,Level 3 - possible repeat,2,,
1416,102820397,RG_0048,Level 3 - possible repeat,3,,
1420,103653187,RG_0113,Level 3 - possible repeat,2,,
1427,103204071,RG_0112,Level 3 - possible repeat,2,,
1428,103793977,RG_0114,Level 3 - possible repeat,2,,
1439,102820169,RG_0115,Level 3 - possible repeat,2,,
1442,100511965,RG_0116,Level 3 - possible repeat,2,,
1453,103793700,RG_0117,Level 3 - possible repeat,2,,
1464,102880636,RG_0118,Level 3 - possible repeat,2,,
1471,102894373,RG_0048,Level 3 - possible repeat,3,,
1475,102881313,RG_0111,Level 3 - possible repeat,2,,
1476,101960423,RG_0119,Level 1 - exact duplicate,2,L1_0009,L2_0012
1477,102820450,RG_0120,Level 3 - possible repeat,2,,
1480,102159640,RG_0100,Level 3 - possible repeat,2,,
1484,102199142,RG_0121,Level 3 - possible repeat,2,,
1486,103714789,RG_0122,Level 3 - possible repeat,3,,
1487,103356674,RG_0123,Level 3 - possible repeat,3,,
1488,103301164,RG_0124,Level 3 - possible repeat,3,,
1492,103793643,RG_0074,Level 3 - possible repeat,3,,
1496,102904007,RG_0119,Level 1 - exact duplicate,2,L1_0009,L2_0012
1499,103435132,RG_0120,Level 3 - possible repeat,2,,
1502,101763640,RG_0010,Level 3 - possible repeat,4,,
1504,102717845,RG_0118,Level 3 - possible repeat,2,,
1513,102906287,RG_0073,Level 3 - possible repeat,2,,
1523,102593827,RG_0125,Level 3 - possible repeat,3,,
1524,102500912,RG_0125,Level 2 - strong repeat,3,,L2_0013
1530,103793327,RG_0126,Level 3 - possible repeat,2,,
1545,103752445,RG_0127,Level 3 - possible repeat,2,,
1549,103452017,RG_0128,Level 3 - possible repeat,3,,
1550,103452015,RG_0129,Level 3 - possible repeat,3,,
1557,103792843,RG_0076,Level 3 - possible repeat,2,,
1559,103551709,RG_0056,Level 3 - possible repeat,2,,
1562,103485601,RG_0125,Level 2 - strong repeat,3,,L2_0013
1576,103792969,RG_0130,Level 3 - possible repeat,2,,
1577,103792968,RG_0109,Level 3 - possible repeat,2,,
1593,103792452,RG_0102,Level 3 - possible repeat,2,,
1596,102903047,RG_0131,Level 3 - possible repeat,2,,
1603,103792686,RG_0132,Level 3 - possible repeat,2,,
1616,102883748,RG_0133,Level 3 - possible repeat,2,,
1639,102879544,RG_0134,Level 3 - possible repeat,2,,
1643,103792363,RG_0008,Level 3 - possible repeat,3,,
1645,103792329,RG_0074,Level 3 - possible repeat,3,,
1654,103190909,RG_0135,Level 3 - possible repeat,2,,
1657,103792141,RG_0015,Level 3 - possible repeat,2,,
1658,103792137,RG_0127,Level 3 - possible repeat,2,,
1699,103792131,RG_0117,Level 3 - possible repeat,2,,
1702,103792002,RG_0136,Level 1 - exact duplicate,2,L1_0010,L2_0014
1717,103792067,RG_0001,Level 3 - possible repeat,2,,
1721,103479235,RG_0137,Level 3 - possible repeat,2,,
1726,103792046,RG_0064,Level 3 - possible repeat,2,,
1741,103791934,RG_0029,Level 3 - possible repeat,3,,
1743,103791779,RG_0098,Level 3 - possible repeat,2,,
1745,103791776,RG_0116,Level 3 - possible repeat,2,,
1789,103791652,RG_0063,Level 3 - possible repeat,2,,
1822,102988049,RG_0138,Level 3 - possible repeat,2,,
1824,103791160,RG_0136,Level 1 - exact duplicate,2,L1_0010,L2_0014
1830,103791296,RG_0079,Level 3 - possible repeat,2,,
1833,102900624,RG_0139,Level 3 - possible repeat,2,,
1846,101645678,RG_0140,Level 3 - possible repeat,2,,
1848,101645434,RG_0140,Level 3 - possible repeat,2,,
1849,101984721,RG_0139,Level 3 - possible repeat,2,,
1879,103245262,RG_0141,Level 1 - exact duplicate,2,L1_0011,L2_0015
1880,103245254,RG_0141,Level 1 - exact duplicate,2,L1_0011,L2_0015
1882,103790238,RG_0142,Level 3 - possible repeat,2,,
1888,103758671,RG_0143,Level 1 - exact duplicate,3,L1_0012,L2_0016
1893,103790119,RG_0142,Level 3 - possible repeat,2,,
1911,103789731,RG_0101,Level 3 - possible repeat,3,,
1920,103790031,RG_0144,Level 2 - strong repeat,3,,L2_0017
1924,103758407,RG_0143,Level 1 - exact duplicate,3,L1_0012,L2_0016
1925,103758389,RG_0143,Level 1 - exact duplicate,3,L1_0012,L2_0016
1939,103538513,RG_0145,Level 1 - exact duplicate,2,L1_0013,L2_0018
1955,102652094,RG_0146,Level 3 - possible repeat,2,,
1957,102652195,RG_0146,Level 3 - possible repeat,2,,
1972,103789305,RG_0085,Level 3 - possible repeat,2,,
1983,103492444,RG_0147,Level 3 - possible repeat,2,,
1984,103588026,RG_0148,Level 3 - possible repeat,2,,
1986,103607231,RG_0148,Level 3 - possible repeat,2,,
1995,103788715,RG_0101,Level 3 - possible repeat,3,,
2014,103541232,RG_0105,Level 3 - possible repeat,2,,
2015,103180566,RG_0149,Level 3 - possible repeat,2,,
2025,103623086,RG_0150,Level 3 - possible repeat,2,,
2032,103407021,RG_0145,Level 1 - exact duplicate,2,L1_0013,L2_0018
2046,103678086,RG_0151,Level 3 - possible repeat,2,,
2055,102229930,RG_0152,Level 1 - exact duplicate,2,L1_0014,L2_0019
2056,102999030,RG_0153,Level 3 - possible repeat,2,,
2067,103667717,RG_0154,Level 3 - possible repeat,2,,
2077,103787933,RG_0155,Level 3 - possible repeat,2,,
2078,103787934,RG_0132,Level 3 - possible repeat,2,,
2109,102663507,RG_0156,Level 3 - possible repeat,2,,
2119,103787665,RG_0151,Level 3 - possible repeat,2,,
2121,103493595,RG_0157,Level 2 - strong repeat,3,,L2_0020
2122,103190155,RG_0157,Level 2 - strong repeat,3,,L2_0020
2123,103458653,RG_0158,Level 3 - possible repeat,2,,
2138,103787448,RG_0034,Level 3 - possible repeat,2,,
2142,93588831,RG_0058,Level 3 - possible repeat,2,,
2145,103373098,RG_0007,Level 3 - possible repeat,2,,
2146,102371463,RG_0045,Level 2 - strong repeat,3,,L2_0004
2160,103446635,RG_0159,Level 1 - exact duplicate,2,L1_0015,L2_0021
2162,103672953,RG_0041,Level 3 - possible repeat,2,,
2165,103499703,RG_0160,Level 3 - possible repeat,2,,
2172,101758761,RG_0131,Level 3 - possible repeat,2,,
2195,103470394,RG_0159,Level 1 - exact duplicate,2,L1_0015,L2_0021
2199,103786760,RG_0161,Level 3 - possible repeat,2,,
2201,103786756,RG_0162,Level 3 - possible repeat,2,,
2210,101727527,RG_0038,Level 3 - possible repeat,3,,
2214,103403632,RG_0163,Level 3 - possible repeat,2,,
2216,102832519,RG_0028,Level 3 - possible repeat,2,,
2232,103662225,RG_0150,Level 3 - possible repeat,2,,
2270,94044194,RG_0077,Level 1 - exact duplicate,2,L1_0005,L2_0007
2271,103786227,RG_0108,Level 3 - possible repeat,2,,
2273,100227559,RG_0032,Level 3 - possible repeat,2,,
2275,102777872,RG_0039,Level 3 - possible repeat,2,,
2295,103411581,RG_0164,Level 3 - possible repeat,2,,
2298,103631940,RG_0010,Level 3 - possible repeat,4,,
2302,103785996,RG_0018,Level 3 - possible repeat,2,,
2323,101967616,RG_0165,Level 3 - possible repeat,2,,
2327,103468768,RG_0129,Level 3 - possible repeat,3,,
2329,103053777,RG_0128,Level 3 - possible repeat,3,,
2332,103245356,RG_0135,Level 3 - possible repeat,2,,
2333,103356892,RG_0137,Level 3 - possible repeat,2,,
2347,101997596,RG_0166,Level 3 - possible repeat,2,,
2350,103618862,RG_0038,Level 3 - possible repeat,3,,
2353,103606336,RG_0031,Level 3 - possible repeat,4,,
2358,103245284,RG_0123,Level 3 - possible repeat,3,,
2359,103070459,RG_0167,Level 3 - possible repeat,2,,
2360,102440656,RG_0167,Level 3 - possible repeat,2,,
2361,102434103,RG_0122,Level 3 - possible repeat,3,,
2363,102982710,RG_0122,Level 3 - possible repeat,3,,
2372,103785444,RG_0168,Level 3 - possible repeat,2,,
2384,101042108,RG_0107,Level 3 - possible repeat,2,,
2386,103310232,RG_0123,Level 3 - possible repeat,3,,
2388,103245325,RG_0124,Level 3 - possible repeat,3,,
2395,103009987,RG_0103,Level 3 - possible repeat,2,,
2415,103785215,RG_0078,Level 3 - possible repeat,3,,
2422,103785239,RG_0169,Level 3 - possible repeat,2,,
2431,103785113,RG_0170,Level 3 - possible repeat,2,,
2434,103741989,RG_0147,Level 3 - possible repeat,2,,
2455,102098877,RG_0171,Level 3 - possible repeat,2,,
2470,103784867,RG_0166,Level 3 - possible repeat,2,,
2472,103784859,RG_0161,Level 3 - possible repeat,2,,
2475,103089474,RG_0037,Level 3 - possible repeat,2,,
2482,103784825,RG_0162,Level 3 - possible repeat,2,,
2490,103115286,RG_0172,Level 3 - possible repeat,2,,
2493,103784800,RG_0173,Level 3 - possible repeat,2,,
2495,102843252,RG_0153,Level 3 - possible repeat,2,,
2497,103726720,RG_0174,Level 1 - exact duplicate,2,L1_0016,L2_0022
2499,103557612,RG_0175,Level 3 - possible repeat,2,,
2505,103760077,RG_0176,Level 3 - possible repeat,2,,
2510,103173608,RG_0177,Level 3 - possible repeat,2,,
2517,103784759,RG_0178,Level 1 - exact duplicate,2,L1_0017,L2_0023
2518,103185355,RG_0179,Level 3 - possible repeat,2,,
2527,103525074,RG_0009,Level 3 - possible repeat,2,,
2531,103579465,RG_0180,Level 3 - possible repeat,2,,
2532,103784715,RG_0178,Level 1 - exact duplicate,2,L1_0017,L2_0023
2540,102315606,RG_0181,Level 1 - exact duplicate,2,L1_0018,L2_0024
2541,103446974,RG_0174,Level 1 - exact duplicate,2,L1_0016,L2_0022
2542,102455704,RG_0179,Level 3 - possible repeat,2,,
2564,103784556,RG_0182,Level 3 - possible repeat,2,,
2566,102465842,RG_0183,Level 3 - possible repeat,2,,
2567,103515258,RG_0175,Level 3 - possible repeat,2,,
2573,103784515,RG_0182,Level 3 - possible repeat,2,,
2589,103784472,RG_0184,Level 3 - possible repeat,2,,
2590,103784471,RG_0130,Level 3 - possible repeat,2,,
2593,103178916,RG_0075,Level 1 - exact duplicate,2,L1_0004,L2_0006
2609,103342670,RG_0185,Level 3 - possible repeat,2,,
2613,103440286,RG_0186,Level 3 - possible repeat,3,,
2623,103577710,RG_0068,Level 3 - possible repeat,2,,
2638,103258798,RG_0187,Level 3 - possible repeat,2,,
2639,103659942,RG_0188,Level 3 - possible repeat,2,,
2647,103187664,RG_0071,Level 3 - possible repeat,2,,
2651,103659863,RG_0176,Level 3 - possible repeat,2,,
2653,102784672,RG_0189,Level 3 - possible repeat,3,,
2654,103627638,RG_0059,Level 3 - possible repeat,3,,
2659,103192227,RG_0190,Level 3 - possible repeat,2,,
2662,102498879,RG_0181,Level 1 - exact duplicate,2,L1_0018,L2_0024
2669,101822585,RG_0013,Level 3 - possible repeat,2,,
2675,103738435,RG_0002,Level 3 - possible repeat,2,,
2685,103784103,RG_0191,Level 3 - possible repeat,2,,
2690,103439860,RG_0134,Level 3 - possible repeat,2,,
2692,102261623,RG_0192,Level 3 - possible repeat,2,,
2693,101851788,RG_0193,Level 3 - possible repeat,2,,
2709,103689459,RG_0163,Level 3 - possible repeat,2,,
2717,102470947,RG_0194,Level 3 - possible repeat,2,,
2718,103114954,RG_0195,Level 3 - possible repeat,2,,
2721,101851861,RG_0187,Level 3 - possible repeat,2,,
2722,100916143,RG_0156,Level 3 - possible repeat,2,,
2726,103784006,RG_0184,Level 3 - possible repeat,2,,
2731,103783954,RG_0093,Level 3 - possible repeat,2,,
2743,103783850,RG_0196,Level 3 - possible repeat,2,,
2748,102784712,RG_0197,Level 3 - possible repeat,2,,
2751,101722505,RG_0057,Level 3 - possible repeat,2,,
2756,103476884,RG_0190,Level 3 - possible repeat,2,,
2761,100417864,RG_0124,Level 3 - possible repeat,3,,
2763,102207503,RG_0198,Level 3 - possible repeat,2,,
2770,100593323,RG_0040,Level 3 - possible repeat,2,,
2771,103252456,RG_0199,Level 3 - possible repeat,2,,
2782,103783611,RG_0168,Level 3 - possible repeat,2,,
2786,103783585,RG_0144,Level 3 - possible repeat,3,,
2791,103665195,RG_0138,Level 3 - possible repeat,2,,
2801,103193773,RG_0200,Level 3 - possible repeat,3,,
2807,103783464,RG_0201,Level 3 - possible repeat,2,,
2819,92021859,RG_0202,Level 1 - exact duplicate,2,L1_0019,L2_0025
2828,103783372,RG_0180,Level 3 - possible repeat,2,,
2835,103783351,RG_0008,Level 3 - possible repeat,3,,
2845,103783227,RG_0203,Level 3 - possible repeat,2,,
2858,103783318,RG_0173,Level 3 - possible repeat,2,,
2859,103783311,RG_0080,Level 3 - possible repeat,2,,
2873,103643436,RG_0169,Level 3 - possible repeat,2,,
2874,101898183,RG_0202,Level 1 - exact duplicate,2,L1_0019,L2_0025
2875,101257243,RG_0204,Level 3 - possible repeat,2,,
2876,101900153,RG_0205,Level 3 - possible repeat,2,,
2878,103783120,RG_0201,Level 3 - possible repeat,2,,
2883,103783048,RG_0012,Level 3 - possible repeat,2,,
2888,101687435,RG_0206,Level 3 - possible repeat,2,,
2891,103057728,RG_0207,Level 3 - possible repeat,2,,
2894,102999145,RG_0152,Level 1 - exact duplicate,2,L1_0014,L2_0019
2895,103783144,RG_0208,Level 3 - possible repeat,2,,
2904,103340412,RG_0207,Level 3 - possible repeat,2,,
2908,101190108,RG_0209,Level 3 - possible repeat,2,,
2909,100417213,RG_0210,Level 3 - possible repeat,2,,
2910,102470889,RG_0211,Level 3 - possible repeat,2,,
2918,103783027,RG_0212,Level 3 - possible repeat,2,,
2924,101255961,RG_0213,Level 3 - possible repeat,2,,
2926,101189876,RG_0209,Level 3 - possible repeat,2,,
2931,101519139,RG_0214,Level 3 - possible repeat,2,,
2941,102287856,RG_0200,Level 3 - possible repeat,3,,
2943,101121674,RG_0215,Level 3 - possible repeat,2,,
2945,103251793,RG_0199,Level 3 - possible repeat,2,,
2948,103506212,RG_0019,Level 3 - possible repeat,2,,
2949,103522532,RG_0149,Level 3 - possible repeat,2,,
2954,103492971,RG_0216,Level 1 - exact duplicate,2,L1_0020,
2955,103492972,RG_0216,Level 1 - exact duplicate,2,L1_0020,
2963,103601485,RG_0217,Level 3 - possible repeat,2,,
2967,103585430,RG_0027,Level 3 - possible repeat,2,,
2977,103258889,RG_0218,Level 3 - possible repeat,2,,
2980,102451678,RG_0206,Level 3 - possible repeat,2,,
2986,103782690,RG_0114,Level 3 - possible repeat,2,,
2999,98927160,RG_0177,Level 3 - possible repeat,2,,
3000,103557523,RG_0203,Level 3 - possible repeat,2,,
3004,100322106,RG_0210,Level 3 - possible repeat,2,,
3005,103782725,RG_0165,Level 3 - possible repeat,2,,
3013,103258422,RG_0193,Level 3 - possible repeat,2,,
3021,103782625,RG_0191,Level 3 - possible repeat,2,,
3025,100977186,RG_0172,Level 3 - possible repeat,2,,
3035,103782498,RG_0089,Level 3 - possible repeat,2,,
3038,102197544,RG_0219,Level 3 - possible repeat,2,,
3041,103113406,RG_0195,Level 3 - possible repeat,2,,
3057,102470974,RG_0211,Level 3 - possible repeat,2,,
3061,103259332,RG_0220,Level 3 - possible repeat,2,,
3064,101042014,RG_0204,Level 3 - possible repeat,2,,
3082,101518072,RG_0221,Level 3 - possible repeat,2,,
3086,101710750,RG_0222,Level 3 - possible repeat,2,,
3091,102352833,RG_0218,Level 3 - possible repeat,2,,
3102,103383040,RG_0164,Level 3 - possible repeat,2,,
3105,103382831,RG_0214,Level 3 - possible repeat,2,,
3123,100857405,RG_0160,Level 3 - possible repeat,2,,
3144,102437336,RG_0221,Level 3 - possible repeat,2,,
3157,103782200,RG_0223,Level 3 - possible repeat,2,,
3164,103669918,RG_0185,Level 3 - possible repeat,2,,
3176,102515617,RG_0224,Level 3 - possible repeat,3,,
3184,103004645,RG_0113,Level 3 - possible repeat,2,,
3186,103782105,RG_0196,Level 3 - possible repeat,2,,
3189,102138231,RG_0225,Level 1 - exact duplicate,2,L1_0021,L2_0026
3201,103782065,RG_0144,Level 2 - strong repeat,3,,L2_0017
3206,103781930,RG_0155,Level 3 - possible repeat,2,,
3220,103316728,RG_0226,Level 3 - possible repeat,2,,
3223,102451522,RG_0224,Level 3 - possible repeat,3,,
3224,102380577,RG_0224,Level 3 - possible repeat,3,,
3228,103683022,RG_0025,Level 3 - possible repeat,2,,
3234,103349884,RG_0158,Level 3 - possible repeat,2,,
3238,101737502,RG_0227,Level 3 - possible repeat,2,,
3240,103193743,RG_0200,Level 3 - possible repeat,3,,
3241,102612602,RG_0192,Level 3 - possible repeat,2,,
3243,103464263,RG_0225,Level 1 - exact duplicate,2,L1_0021,L2_0026
3247,103781751,RG_0110,Level 3 - possible repeat,2,,
3280,103434959,RG_0228,Level 3 - possible repeat,2,,
3281,103434910,RG_0228,Level 3 - possible repeat,2,,
3282,103498210,RG_0115,Level 3 - possible repeat,2,,
3283,101491913,RG_0059,Level 3 - possible repeat,3,,
3296,101710780,RG_0222,Level 3 - possible repeat,2,,
3297,98459187,RG_0021,Level 3 - possible repeat,2,,
3298,97158710,RG_0229,Level 3 - possible repeat,2,,
3317,101836062,RG_0078,Level 3 - possible repeat,3,,
3341,103159773,RG_0220,Level 3 - possible repeat,2,,
3350,103269285,RG_0171,Level 3 - possible repeat,2,,
3354,98459567,RG_0010,Level 3 - possible repeat,4,,
3366,100890052,RG_0170,Level 3 - possible repeat,2,,
3405,101493192,RG_0022,Level 2 - strong repeat,2,,L2_0002
3406,101708995,RG_0042,Level 3 - possible repeat,2,,
3425,99917566,RG_0016,Level 3 - possible repeat,2,,
3430,103780869,RG_0092,Level 3 - possible repeat,2,,
3435,101765449,RG_0157,Level 3 - possible repeat,3,,
3438,103601623,RG_0217,Level 3 - possible repeat,2,,
3450,103780946,RG_0066,Level 3 - possible repeat,2,,
3473,103496485,RG_0006,Level 3 - possible repeat,2,,
3476,103780877,RG_0230,Level 1 - exact duplicate,2,L1_0022,L2_0027
3491,103449275,RG_0226,Level 3 - possible repeat,2,,
3493,101122065,RG_0215,Level 3 - possible repeat,2,,
3494,103283797,RG_0208,Level 3 - possible repeat,2,,
3498,96905594,RG_0219,Level 3 - possible repeat,2,,
3500,101688647,RG_0229,Level 3 - possible repeat,2,,
3501,101897522,RG_0205,Level 3 - possible repeat,2,,
3503,103403509,RG_0011,Level 3 - possible repeat,2,,
3504,103159221,RG_0197,Level 3 - possible repeat,2,,
3518,102612574,RG_0231,Level 3 - possible repeat,2,,
3527,102898729,RG_0121,Level 3 - possible repeat,2,,
3536,102136019,RG_0065,Level 3 - possible repeat,2,,
3541,102800889,RG_0091,Level 3 - possible repeat,2,,
3552,102784472,RG_0232,Level 3 - possible repeat,2,,
3559,102206882,RG_0067,Level 3 - possible repeat,2,,
3561,103780408,RG_0186,Level 3 - possible repeat,3,,
3563,103780382,RG_0186,Level 3 - possible repeat,3,,
3580,102732169,RG_0194,Level 3 - possible repeat,2,,
3582,102796617,RG_0227,Level 3 - possible repeat,2,,
3604,101239391,RG_0213,Level 3 - possible repeat,2,,
3608,103541214,RG_0106,Level 3 - possible repeat,2,,
3615,103780183,RG_0126,Level 3 - possible repeat,2,,
3618,102951643,RG_0154,Level 3 - possible repeat,2,,
3630,103780151,RG_0230,Level 1 - exact duplicate,2,L1_0022,L2_0027
3633,103780109,RG_0099,Level 3 - possible repeat,2,,
3635,103780160,RG_0212,Level 3 - possible repeat,2,,
3639,103780322,RG_0198,Level 3 - possible repeat,2,,
3649,102787587,RG_0133,Level 3 - possible repeat,2,,
3651,100786387,RG_0233,Level 3 - possible repeat,2,,
3658,102797907,RG_0189,Level 3 - possible repeat,3,,
3664,102798780,RG_0094,Level 3 - possible repeat,2,,
3666,102797619,RG_0129,Level 3 - possible repeat,3,,
3667,102797739,RG_0128,Level 3 - possible repeat,3,,
3686,103780242,RG_0223,Level 3 - possible repeat,2,,
3697,102898823,RG_0188,Level 3 - possible repeat,2,,
3720,103342419,RG_0234,Level 3 - possible repeat,2,,
3721,103318967,RG_0234,Level 3 - possible repeat,2,,
3735,102803700,RG_0189,Level 3 - possible repeat,3,,
3757,103779978,RG_0070,Level 3 - possible repeat,2,,
3770,102612197,RG_0231,Level 3 - possible repeat,2,,
3776,100770946,RG_0233,Level 3 - possible repeat,2,,
3781,102785306,RG_0232,Level 3 - possible repeat,2,,
3782,102785259,RG_0183,Level 3 - possible repeat,2,,
